feature,frequency,percentage
PLSCR1,60,100.0
TOB1,60,100.0
USP17L7,60,100.0
MAP1LC3B,60,100.0
HTATIP2,60,100.0
TAGLN2,60,100.0
CAPZA3,60,100.0
LINC01565,60,100.0
ABCA7,60,100.0
FN3KRP,60,100.0
FAM210A,60,100.0
PCCA,60,100.0
ALDH2,60,100.0
TMEM210,60,100.0
SLC17A4,60,100.0
RTN3,60,100.0
TMBIM1,60,100.0
PLXNA4,60,100.0
LRP2,60,100.0
RIOK3,60,100.0
HIBADH,60,100.0
ARG2,60,100.0
RETREG1,60,100.0
CLDN24,60,100.0
RMND5A,60,100.0
MACIR,60,100.0
LIMK2,60,100.0
DBR1,60,100.0
MCM4,60,100.0
MOCOS,60,100.0
LAPTM4B,60,100.0
HSPB8,60,100.0
NPAS3,60,100.0
GABARAPL1,60,100.0
ZNF165,60,100.0
EIF1,60,100.0
SDCBP2,60,100.0
DUSP1,60,100.0
NUP43,60,100.0
RNU4-49P,60,100.0
TTC39C,60,100.0
CHP1,60,100.0
JPT1,60,100.0
SCCPDH,60,100.0
LINC02104,60,100.0
MAOA,60,100.0
WLS,60,100.0
SERPINB1,60,100.0
CD55,60,100.0
SNRNP25,60,100.0
HROB,60,100.0
ARL6IP1,60,100.0
RAB33B,60,100.0
ZNF284,60,100.0
ARRDC3,60,100.0
CAMK2D,60,100.0
CTNNA1,60,100.0
NPHP4,60,100.0
LRRC52,60,100.0
ATF3,60,100.0
ADSS2,60,100.0
LINC01358,60,100.0
H3C11,60,100.0
LINC02340,60,100.0
ATL3,60,100.0
PLS3,57,95.0
EPHA2,57,95.0
NCCRP1,57,95.0
MCM5,57,95.0
RNU6-1209P,57,95.0
STK19,57,95.0
TC2N,57,95.0
RAP1GDS1,57,95.0
FLOT2,57,95.0
RPL23AP86,57,95.0
ID3,57,95.0
MIR5195,57,95.0
KMO,57,95.0
CTH,57,95.0
CAPZA1,57,95.0
DHCR24,57,95.0
RPL21P88,57,95.0
LINC02888,57,95.0
LGALS3,57,95.0
OSER1,57,95.0
RAB11A,57,95.0
C6orf62,57,95.0
SORBS2-AS1,57,95.0
ANXA1,57,95.0
VWA5A,57,95.0
CREM,57,95.0
HCRTR2,57,95.0
SDCBP,57,95.0
PPP1CB,57,95.0
ARL3,57,95.0
NAMPT,57,95.0
SLC2A9,57,95.0
TPGS1,57,95.0
DEFB1,57,95.0
HENMT1,57,95.0
TGIF1,57,95.0
STX8,57,95.0
MGST1,57,95.0
GPRC5A,57,95.0
GIMAP3P,57,95.0
TMEM237,57,95.0
TMEM140,57,95.0
C12orf76,57,95.0
JAKMIP1,57,95.0
MORF4L1,57,95.0
LETM2,57,95.0
MFSD6L,57,95.0
LGALS7B,57,95.0
BCDIN3D,57,95.0
MAT2B,57,95.0
SEPTIN10,57,95.0
TLCD5,57,95.0
SPICE1,57,95.0
DEGS1,57,95.0
CDKN1A,54,90.0
LINC00304,54,90.0
SLC41A2,54,90.0
ZNF691-DT,54,90.0
MCU,54,90.0
LITAF,54,90.0
PHAF1,54,90.0
DUSP2,54,90.0
PERP,54,90.0
ECHDC1,54,90.0
LDHA,54,90.0
DSC2,54,90.0
SERINC5,54,90.0
SPRING1,54,90.0
RPL22P23,54,90.0
RDH13,54,90.0
HNRNPA1P27,54,90.0
CHMP5,54,90.0
STXBP3,54,90.0
USP1,54,90.0
WWC1,54,90.0
EIF2S3,54,90.0
ARPC1B,54,90.0
SOD2,54,90.0
SMPDL3A,54,90.0
HPSE,54,90.0
PHYH,54,90.0
LINC01511,54,90.0
CCNB2P1,54,90.0
CTTN,54,90.0
GLMP,54,90.0
FOS,54,90.0
P4HA1,54,90.0
ADAMTS18,54,90.0
FRMD4A,54,90.0
ANXA4,54,90.0
VPS41,54,90.0
PSEN1,54,90.0
PHYHIPL,54,90.0
LINC02289,54,90.0
CD47,54,90.0
ZNF418,54,90.0
TUBA1A,54,90.0
SLC39A1,54,90.0
MSRB1,54,90.0
DUSP19,54,90.0
CAPZA2,54,90.0
NCLP1,54,90.0
LSMEM1,54,90.0
PTPRR,54,90.0
NUP37,54,90.0
NDRG1,54,90.0
DBX2,54,90.0
ANXA2,54,90.0
RIN2,54,90.0
DUSP5P1,54,90.0
ARID5B,54,90.0
PLA2G15,54,90.0
KBTBD4,54,90.0
CAMKV,51,85.0
INSR,51,85.0
WWC2-AS2,51,85.0
PPBP,51,85.0
TNFSF12,51,85.0
RN7SL16P,51,85.0
RIMKLB,51,85.0
DYNLRB1,51,85.0
MTND3P6,51,85.0
GALNT11,51,85.0
PTPN11P1,51,85.0
LRRC57,51,85.0
VSTM1,51,85.0
CNIH4,51,85.0
ARHGAP26,51,85.0
CASP4,51,85.0
CXCL14,51,85.0
HSD17B11,51,85.0
GCNT3,51,85.0
NUPR2,51,85.0
ZBTB48,51,85.0
MIR765,51,85.0
RBP4,51,85.0
MTCP1,51,85.0
SMU1P1,51,85.0
HSPE1P8,51,85.0
OR2M3,51,85.0
P2RX4,51,85.0
PRMT2,51,85.0
MFSD4A,51,85.0
RACGAP1,51,85.0
CXCL16,51,85.0
TRIM47,51,85.0
ZNF622,51,85.0
SCAT8,51,85.0
KNSTRN,51,85.0
COX7A2P1,51,85.0
MTND4P16,51,85.0
HOXA7,51,85.0
ZNF670,51,85.0
RPS6KA5,51,85.0
TBL1XR1,51,85.0
WDR1,51,85.0
DDX52,51,85.0
SDC4,51,85.0
CDH1,51,85.0
MAP3K4-AS1,51,85.0
SLC24A5,51,85.0
MRPL45,51,85.0
PPP1R15A,51,85.0
RPSAP56,51,85.0
KCNG1,51,85.0
CCDC28A,51,85.0
ATP6V0E1,51,85.0
ATP6V1A,51,85.0
RNU6-935P,48,80.0
SKIL,48,80.0
RNU6-130P,48,80.0
CYP2C18,48,80.0
THBD,48,80.0
PGM2,48,80.0
GADD45B,48,80.0
CEPT1,48,80.0
PFKP,48,80.0
SET,48,80.0
SPATA20,48,80.0
TMUB2,48,80.0
SPDYE18,48,80.0
YWHAZP10,48,80.0
SMYD2,48,80.0
CADM1,48,80.0
TMCO3,48,80.0
MAFF,48,80.0
NRBF2,48,80.0
CAST,48,80.0
SAP30L-AS1,48,80.0
MBOAT1,48,80.0
EZR,48,80.0
ARNT,48,80.0
BCL2L10,48,80.0
CCN1,48,80.0
ARID5A,48,80.0
ZNF544,48,80.0
NBR2,48,80.0
RAB11FIP1,48,80.0
CYP1A1,48,80.0
KRT7,48,80.0
LRRC31,48,80.0
ADAM22,48,80.0
KCNK13,48,80.0
CSRP3-AS1,48,80.0
ASB16-AS1,48,80.0
RN7SKP4,48,80.0
ZNF549,48,80.0
ERRFI1,48,80.0
GATA2-AS1,48,80.0
RAD51,48,80.0
UBE2B,48,80.0
NMI,48,80.0
LINC00891,48,80.0
GLOD4,48,80.0
SLC7A2,48,80.0
LINC00882,48,80.0
SPECC1L-ADORA2A,48,80.0
MTCO1P35,48,80.0
LINC00581,48,80.0
TMBIM4,45,75.0
ANKRD10,45,75.0
ID1,45,75.0
PTGER2,45,75.0
CEBPG,45,75.0
APOL1,45,75.0
NCR2,45,75.0
TMT1A,45,75.0
ELAVL3,45,75.0
NPC2,45,75.0
CRLF3,45,75.0
WDR5,45,75.0
HEPHL1,45,75.0
INAVA,45,75.0
ACTN4,45,75.0
B3GLCT,45,75.0
ASNSD1,45,75.0
SLC7A5,45,75.0
PRRG4,45,75.0
RNU4ATAC18P,45,75.0
MIR98,45,75.0
DPYSL2,45,75.0
ZDHHC13,45,75.0
ADAM7,45,75.0
EIF4A2,45,75.0
AP1AR-DT,45,75.0
PPM1M,45,75.0
PSTK,45,75.0
CD2BP2,45,75.0
LINC00534,45,75.0
PDE6B-AS1,45,75.0
STAU2,45,75.0
CEBPZ,45,75.0
NCOA7,45,75.0
DEPP1,45,75.0
LPIN3,45,75.0
CASTOR2,45,75.0
SUN1,45,75.0
PACRG-AS1,45,75.0
CALCR,45,75.0
PRXL2C,45,75.0
NANOGP5,45,75.0
ITGB1BP1,45,75.0
COMETT,45,75.0
AGAP1,45,75.0
NSUN3,45,75.0
NMT1,45,75.0
ZDHHC4,45,75.0
RN7SL164P,45,75.0
PKDCC,45,75.0
LINC02522,45,75.0
LINC01728,45,75.0
TMEM14A,42,70.0
LINC02672,42,70.0
ZFP36L2,42,70.0
ADCYAP1R1,42,70.0
GPC4,42,70.0
THAP5,42,70.0
ACOT9,42,70.0
ENPP7P11,42,70.0
GALE,42,70.0
PPP4R2P2,42,70.0
TMEM186,42,70.0
KARS1P3,42,70.0
ENDOD1,42,70.0
SENP8,42,70.0
MEAF6,42,70.0
CD200,42,70.0
LINC02683,42,70.0
TWF2,42,70.0
RNU6-198P,42,70.0
NFKBIZ,42,70.0
DPPA4,42,70.0
IDI1P1,42,70.0
LINC01568,42,70.0
STK17B,42,70.0
HSPD1P3,42,70.0
GLRXP2,42,70.0
LINC01010,42,70.0
POLR2M,42,70.0
IAH1,42,70.0
STXBP1,42,70.0
RTP4,42,70.0
EIF2B5-DT,42,70.0
LARP4B,42,70.0
TLK2P1,42,70.0
EMX1,42,70.0
PRPF19,42,70.0
KLF6,42,70.0
IGBP1,42,70.0
ENAHP1,42,70.0
PEBP1,42,70.0
SMIM44,42,70.0
LINC02765,42,70.0
PCGF1,42,70.0
FOXP1,42,70.0
APOL2,42,70.0
RNF112,42,70.0
AMOTL2,42,70.0
FAM241A,42,70.0
RHEB,42,70.0
CLIC1,42,70.0
RN7SL268P,42,70.0
RBFOX3,42,70.0
DAGLB,42,70.0
ERLIN2,42,70.0
AIFM2,42,70.0
CSTB,42,70.0
RNF168,42,70.0
LINC02963,42,70.0
PLP2,42,70.0
SEC11A,42,70.0
DERA,42,70.0
SNRPGP2,42,70.0
ISCA1,42,70.0
BFAR,42,70.0
RHPN2,42,70.0
POR,42,70.0
RSU1P3,42,70.0
LMNA,39,65.0
CDC42EP4,39,65.0
GNA15,39,65.0
ETS2,39,65.0
LINC01315,39,65.0
GYG1P1,39,65.0
DDX19B,39,65.0
ZBTB12BP,39,65.0
DNAJC22,39,65.0
MIXL1,39,65.0
ACSL1,39,65.0
RAB9A,39,65.0
MEGF6,39,65.0
MTND5P16,39,65.0
CASP3,39,65.0
PPP1R14D,39,65.0
PLCB1-IT1,39,65.0
RPL12P10,39,65.0
GALNT10,39,65.0
CTSB,39,65.0
CYFIP1,39,65.0
AADAT,39,65.0
RAB5C,39,65.0
LUZP4P1,39,65.0
RPL19P13,39,65.0
SNX24,39,65.0
RPS20P10,39,65.0
MST1R,39,65.0
BAG4,39,65.0
LINC01502,39,65.0
LINC02137,39,65.0
SNRPEP10,39,65.0
RPS3AP46,39,65.0
PCMT1,39,65.0
COL6A5,39,65.0
IFNA1,39,65.0
TRAPPC14,39,65.0
TRIM69,39,65.0
SELENOP,39,65.0
MUC6,39,65.0
GCNT1,39,65.0
CTXN1,39,65.0
PELO-AS1,39,65.0
EVA1CP5,39,65.0
BRD3,39,65.0
TMEM184B-AS1,39,65.0
TMEM242,36,60.0
FAM83G,36,60.0
FLJ46284,36,60.0
LINC00570,36,60.0
LINC00885,36,60.0
S100A1,36,60.0
DOCK9,36,60.0
ZNF584,36,60.0
MRM3,36,60.0
BNIP3P18,36,60.0
DUXAP7,36,60.0
MIR548N,36,60.0
LTA4H,36,60.0
LINC00261,36,60.0
TMEM41A,36,60.0
PYGL,36,60.0
FAM83A-AS1,36,60.0
LINC01020,36,60.0
VPS4B,36,60.0
SDC1,36,60.0
SLC6A12,36,60.0
TMEM253,36,60.0
PABPC1L,36,60.0
LINC02181,36,60.0
FAM131B-AS2,36,60.0
HELQ,36,60.0
SAR1A,36,60.0
MIPEP,36,60.0
KRTAP5-AS1,36,60.0
CCDC54-AS1,36,60.0
OR2AO1P,36,60.0
DOCK6-AS1,36,60.0
EEF1A1P45,36,60.0
SETP16,36,60.0
UNC45A,36,60.0
RNU6-403P,36,60.0
CDR2,36,60.0
RAB40B,36,60.0
MAP2K5,36,60.0
BNIP3P16,36,60.0
SEMA6A-AS1,36,60.0
EPCAM-DT,36,60.0
H1-5,36,60.0
NCMAP,36,60.0
SNORD1B,36,60.0
HIBCH,36,60.0
STRN3,36,60.0
KLHL34,36,60.0
CLDN4,36,60.0
ZNF555,36,60.0
CA8,36,60.0
TCERG1L,36,60.0
NAA20,36,60.0
CALM1,36,60.0
WTAP,36,60.0
TMEM176A,36,60.0
TMEM45B,36,60.0
CYB5B,36,60.0
SMU1,36,60.0
GLUL,36,60.0
HAL,36,60.0
TLCD3B,36,60.0
SCP2D1-AS1,36,60.0
TES,36,60.0
CCDC115,36,60.0
GATA1,36,60.0
PNKD,36,60.0
CERS2,36,60.0
MVP,36,60.0
NECTIN4,36,60.0
NXPH1,36,60.0
GNAI1,36,60.0
TMEM176B,36,60.0
LINC02257,33,55.00000000000001
XRN2,33,55.00000000000001
TRIM35,33,55.00000000000001
HNRNPA1P41,33,55.00000000000001
MTND4P22,33,55.00000000000001
PRELID1P3,33,55.00000000000001
LINC01524,33,55.00000000000001
CPNE8-AS1,33,55.00000000000001
NOSTRIN,33,55.00000000000001
REXO2,33,55.00000000000001
TRAV21,33,55.00000000000001
IDH2,33,55.00000000000001
LINC01687,33,55.00000000000001
KDM4A-AS1,33,55.00000000000001
POMT1,33,55.00000000000001
RASL11A,33,55.00000000000001
MGST3,33,55.00000000000001
KRT8P30,33,55.00000000000001
ANKRD20A7P,33,55.00000000000001
HSD17B3-AS1,33,55.00000000000001
TRGJP2,33,55.00000000000001
SAT1,33,55.00000000000001
EFNA5,33,55.00000000000001
THOC7,33,55.00000000000001
PPIAP91,33,55.00000000000001
OR7E158P,33,55.00000000000001
RPL21P44,33,55.00000000000001
GPR65,33,55.00000000000001
VCAN-AS1,33,55.00000000000001
CA14,33,55.00000000000001
H2AC21,33,55.00000000000001
JPT2,33,55.00000000000001
FAM135A-AS1,33,55.00000000000001
VN1R67P,33,55.00000000000001
LINC02767,33,55.00000000000001
PIK3IP1,33,55.00000000000001
RPS3P2,33,55.00000000000001
MIR744,33,55.00000000000001
MMP10,33,55.00000000000001
TNFRSF1A,33,55.00000000000001
OGFOD1P1,33,55.00000000000001
PIGG,33,55.00000000000001
PAFAH1B2,33,55.00000000000001
MARCHF3,33,55.00000000000001
WASIR2,33,55.00000000000001
NUP50,33,55.00000000000001
DRAM2,33,55.00000000000001
UXS1,33,55.00000000000001
CLYBL,33,55.00000000000001
RNVU1-33,33,55.00000000000001
TOR1AIP2,33,55.00000000000001
SLC35F5,33,55.00000000000001
PWWP2AP1,33,55.00000000000001
SBDS,33,55.00000000000001
TMC3,33,55.00000000000001
JUNB,33,55.00000000000001
BST1,33,55.00000000000001
ANG,33,55.00000000000001
BCL2L13,33,55.00000000000001
RDXP3,33,55.00000000000001
DCPS,33,55.00000000000001
CHCHD4P2,33,55.00000000000001
LINC02390,33,55.00000000000001
SRPK1,33,55.00000000000001
DHX15,33,55.00000000000001
MGST2,33,55.00000000000001
SNORD99,30,50.0
UBE2I,30,50.0
LAPTM4A,30,50.0
MAPK4,30,50.0
EPAS1,30,50.0
HARS2,30,50.0
SUMO1,30,50.0
DENND6A-AS1,30,50.0
ACADM,30,50.0
FRAS1,30,50.0
MTCYBP3,30,50.0
LINC01526,30,50.0
CD9,30,50.0
BCL10,30,50.0
EIF4A2P4,30,50.0
SNORD115,30,50.0
CTSV,30,50.0
SLC35A5,30,50.0
MRPL15,30,50.0
LINC01117,30,50.0
NR1I3,30,50.0
CACUL1,30,50.0
NRAS,30,50.0
RPL39P40,30,50.0
ACTR3,30,50.0
HEXA,30,50.0
MED12L,30,50.0
CDH19,30,50.0
FAM174B,30,50.0
SQSTM1,30,50.0
SNRPGP15,30,50.0
NLN,30,50.0
STAU1,30,50.0
NAA50,30,50.0
TBC1D28,30,50.0
S100A13,30,50.0
CSRP2,30,50.0
TBX5,30,50.0
BAG1,30,50.0
ZNF737,30,50.0
KRT18P6,30,50.0
WDR82,30,50.0
GBE1,30,50.0
EFNA1,30,50.0
PLK4,30,50.0
EDEM1,30,50.0
SPNS1,30,50.0
PMAIP1,30,50.0
HNRNPA3P7,30,50.0
C1orf105,30,50.0
FAM156B,30,50.0
RPGRIP1,30,50.0
COQ2,30,50.0
BICC1,30,50.0
IFT46,30,50.0
SERPINB8,30,50.0
CEP76,30,50.0
PNMA5,30,50.0
MIDEAS,30,50.0
SPINK6,30,50.0
STC1,30,50.0
AGPAT5,30,50.0
TOM1,30,50.0
PDGFA,30,50.0
COX6B1P5,30,50.0
IGBP1C,30,50.0
SLC26A2,30,50.0
MICU1,30,50.0
CUTC,30,50.0
AOAH-IT1,27,45.0
CCT8P1,27,45.0
LINC02084,27,45.0
HMGB2,27,45.0
TMEM59,27,45.0
NUP85,27,45.0
RNU4-21P,27,45.0
OSBPL10-AS1,27,45.0
ARLNC1,27,45.0
LINC00937,27,45.0
CNP,27,45.0
SNHG10,27,45.0
TM9SF5P,27,45.0
FBXO8,27,45.0
SNORD3B-1,27,45.0
NUS1P1,27,45.0
SLC16A5,27,45.0
ZNF414,27,45.0
PLP1,27,45.0
RNU6-1169P,27,45.0
PNMA1,27,45.0
RRAGA,27,45.0
CFL2,27,45.0
CGAS,27,45.0
LRATD2,27,45.0
HMGB1P41,27,45.0
MED31,27,45.0
RPL10P9,27,45.0
CLUH,27,45.0
ZNF20,27,45.0
SAPCD1-AS1,27,45.0
OR7A5,27,45.0
RAB2B,27,45.0
LINC01857,27,45.0
RNF14P3,27,45.0
TRBJ1-2,27,45.0
MIR5689HG,27,45.0
AUNIP,27,45.0
ZNF888,27,45.0
LINC00707,27,45.0
AVPR1B-DT,27,45.0
LURAP1L,27,45.0
TACC2,27,45.0
RNA5SP311,27,45.0
FAM204CP,27,45.0
SARS1,27,45.0
PSAT1P4,27,45.0
NALF1,27,45.0
GHITM,27,45.0
CD19,27,45.0
TRIP4,27,45.0
MORC4,27,45.0
ABHD3,27,45.0
ARF3,27,45.0
GTF2E1,27,45.0
ING1,27,45.0
SLC35C1,27,45.0
TRIM38,27,45.0
S100A14,27,45.0
GPR39,27,45.0
TRAPPC3,27,45.0
SORCS2,27,45.0
CTNNA1-AS1,27,45.0
KLHDC8B,27,45.0
RSU1,27,45.0
MAPK6,27,45.0
TLCD2,27,45.0
GLTP,27,45.0
SRL,27,45.0
FOSL2,27,45.0
GRAMD1C,27,45.0
VSIG10,27,45.0
ABCA4,27,45.0
LINC02967,27,45.0
PROCA1,27,45.0
CGA,27,45.0
C4BPA,27,45.0
SYT2,27,45.0
TPGS2,27,45.0
NMD3,27,45.0
C15orf40,27,45.0
B4GALT1,27,45.0
NOA1,27,45.0
GRAPLDR,27,45.0
CDCA4,27,45.0
PPM1D,27,45.0
AKR7A2,27,45.0
RCAN1,27,45.0
HAP1,27,45.0
CASP2,27,45.0
YTHDF3P1,27,45.0
MIR6124,27,45.0
PPM1E,27,45.0
LAMA1,27,45.0
CASP1,27,45.0
SNX27,27,45.0
CYSLTR2,27,45.0
ASTL,27,45.0
SPATA22,27,45.0
LINC01592,27,45.0
CP,27,45.0
SETDB1,27,45.0
UBE2L2,24,40.0
SRP14P2,24,40.0
PFDN1,24,40.0
TMEM68,24,40.0
HSPBAP1,24,40.0
TM2D3,24,40.0
CLIP4,24,40.0
CDKL3,24,40.0
MFRP,24,40.0
RUVBL1,24,40.0
BLOC1S5,24,40.0
ZNF669,24,40.0
DNAJB6,24,40.0
TBC1D3K,24,40.0
WEE1,24,40.0
MIR6505,24,40.0
LINC02814,24,40.0
SULT4A1,24,40.0
RNY1P4,24,40.0
MAP1LC3A,24,40.0
RPL31P47,24,40.0
AAMDC,24,40.0
GAR1-DT,24,40.0
ST8SIA3,24,40.0
SLC38A2,24,40.0
CCL1,24,40.0
CHMP4C,24,40.0
SND1-DT,24,40.0
CHN2,24,40.0
ZNF556,24,40.0
KLK3,24,40.0
AKAP6,24,40.0
NUDT1,24,40.0
ESYT1,24,40.0
SNAP29,24,40.0
MAGI1-AS1,24,40.0
SLC5A12,24,40.0
CSNK2A1,24,40.0
PFKFB3,24,40.0
APOO,24,40.0
RNF19A,24,40.0
RNU6-411P,24,40.0
RPL6P22,24,40.0
MANBA,24,40.0
THRAP3,24,40.0
RNA5SP122,24,40.0
HADHBP1,24,40.0
CSNK1D,24,40.0
DENND2D,24,40.0
LYVE1,24,40.0
LINC03028,24,40.0
FAM200B,24,40.0
SLC16A6,24,40.0
BBS12,24,40.0
RNU6-39P,24,40.0
PHLDA3,24,40.0
NIFKP3,24,40.0
SESTD1,24,40.0
LRRFIP2,24,40.0
PNPLA8,24,40.0
FADD,24,40.0
RNF216P1,24,40.0
MFSD1,24,40.0
TCEAL9,24,40.0
PIGC,24,40.0
BBOX1-AS1,24,40.0
LINC01011,24,40.0
GNAI3,24,40.0
SOCS3,24,40.0
RNU6-484P,24,40.0
F3,24,40.0
ELF3,24,40.0
ABCG5,24,40.0
NPR1,24,40.0
PDE4DIPP6,24,40.0
SLC35F6,24,40.0
LINC01202,24,40.0
KRT18P57,24,40.0
MRPL42P6,24,40.0
MCL1,24,40.0
RPSAP61,24,40.0
SLC12A7,24,40.0
OSER1-DT,24,40.0
NNMT,24,40.0
BNIP2,24,40.0
SLC10A6,24,40.0
ZNF501,24,40.0
SYVN1,24,40.0
CALR3,24,40.0
SMIM32,24,40.0
MFSD10,24,40.0
LMF2,24,40.0
HBP1,24,40.0
NR4A3,24,40.0
CD109-AS1,24,40.0
RFC5,24,40.0
SLC37A2,24,40.0
VPS9D1-AS1,24,40.0
OCLN,24,40.0
ACAD9,24,40.0
TKT,24,40.0
GBP6,24,40.0
EIF3LP1,24,40.0
SLC3A2,24,40.0
DCAF4,24,40.0
ATP5PBP7,24,40.0
TXNL1,24,40.0
DPY30,24,40.0
PDCD4-AS1,24,40.0
DIMT1,24,40.0
ARF6,24,40.0
MT-ND4,24,40.0
ZNF280B,24,40.0
ACSM5P1,24,40.0
LINC02021,24,40.0
LINC02042,24,40.0
SPATA2L,24,40.0
GATD1,24,40.0
SLC4A4,24,40.0
QKILA,24,40.0
EPHX1,24,40.0
TRPC7,21,35.0
KCNS3,21,35.0
RNF146,21,35.0
CNOT10-AS1,21,35.0
FUT4,21,35.0
RNU6-494P,21,35.0
NUP93,21,35.0
ALDH9A1,21,35.0
TMEM82,21,35.0
GUCY1B1,21,35.0
XPR1,21,35.0
VDAC3,21,35.0
UAP1,21,35.0
FSTL4,21,35.0
MT-CO2,21,35.0
DDIAS,21,35.0
CD58,21,35.0
CERNA1,21,35.0
SIPA1L1-AS1,21,35.0
CHD6,21,35.0
CTNND2,21,35.0
LINC00871,21,35.0
GPAT4,21,35.0
PLA2G4D,21,35.0
ACOT11,21,35.0
SH2D4A,21,35.0
PBX4,21,35.0
CLDN12,21,35.0
PGA5,21,35.0
LINC03032,21,35.0
PLPPR5,21,35.0
TENM2,21,35.0
EAF2,21,35.0
ABCA10,21,35.0
LINC01209,21,35.0
TGFBR3L,21,35.0
IL6R,21,35.0
SNORA11F,21,35.0
CCDC144A,21,35.0
DLX3,21,35.0
REP15,21,35.0
TLR10,21,35.0
FAM13A,21,35.0
IGLV2-14,21,35.0
ZBTB7C,21,35.0
TUB-AS1,21,35.0
NDUFB4P3,21,35.0
LINC02560,21,35.0
CACYBPP1,21,35.0
IFI35,21,35.0
REEP5,21,35.0
MIR4675,21,35.0
RAD54L2,21,35.0
CEACAM21,21,35.0
PGGT1BP1,21,35.0
PIK3IP1-DT,21,35.0
SNRPEP3,21,35.0
MKNK1,21,35.0
OR1E1,21,35.0
DEFB108B,21,35.0
CYBRD1,21,35.0
LINC02207,21,35.0
SMYD4,21,35.0
TXNL4B,21,35.0
LBR,21,35.0
TMEM150C,21,35.0
RN7SL487P,21,35.0
TWF2-DT,21,35.0
RPS17P2,21,35.0
ZNF600,21,35.0
LRRC40,21,35.0
SNORD9,21,35.0
C16orf46-DT,21,35.0
DAPK1,21,35.0
RPL36AP24,21,35.0
CLDN7,21,35.0
CBLL2,21,35.0
SNORD67,21,35.0
ASPH,21,35.0
NOB1,21,35.0
TLK1,21,35.0
MBTPS1,21,35.0
HEPFAL,21,35.0
TBCAP1,21,35.0
MCUR1,21,35.0
HOTAIRM1,21,35.0
DTX3L,21,35.0
ABCD3,21,35.0
ALDOB,21,35.0
ZNF859P,21,35.0
HNRNPA1P22,21,35.0
SLC5A8,21,35.0
RNU7-127P,21,35.0
NOG,21,35.0
GZF1,21,35.0
PIWIL4,21,35.0
CHURC1,21,35.0
SUMO2P1,21,35.0
PSG3,21,35.0
BLCAP,21,35.0
RPS15AP34,21,35.0
ACBD4,21,35.0
EMC3,21,35.0
PCARE,21,35.0
LATS2-AS1,21,35.0
POLG-DT,21,35.0
TYMP,21,35.0
LINC01649,21,35.0
YBX3P1,21,35.0
ZNF548,21,35.0
MLPH,21,35.0
RPL21P98,21,35.0
RPS3AP21,21,35.0
MIR542,21,35.0
IFNG-AS1,21,35.0
NAP1L4,21,35.0
ATG5,21,35.0
OR52I2,21,35.0
TMEM43,21,35.0
LINC02542,21,35.0
GPANK1,21,35.0
DGLUCY,21,35.0
SNHG32,21,35.0
GTF2IRD1,21,35.0
DYNLT3,21,35.0
ELOVL2-AS1,21,35.0
OCLNP1,21,35.0
MTND6P25,21,35.0
THRB-AS1,21,35.0
TXLNA,21,35.0
RN7SKP12,21,35.0
LINC01166,21,35.0
GNAS-AS1,21,35.0
TXNIP,18,30.0
HDAC5,18,30.0
CDKN2AIP,18,30.0
MTDHP1,18,30.0
GHDC,18,30.0
SNRPA1-DT,18,30.0
FAM186B,18,30.0
THEMIS2,18,30.0
CYSTM1,18,30.0
GSTCD,18,30.0
TSPO2,18,30.0
SYNDIG1,18,30.0
ITGB1,18,30.0
FRMD8,18,30.0
RAI2,18,30.0
NGB,18,30.0
KLK14,18,30.0
HDHD2,18,30.0
PPOX,18,30.0
TRAM1,18,30.0
NDUFS1,18,30.0
C3orf20,18,30.0
RPS4XP23,18,30.0
RN7SL674P,18,30.0
BZW2,18,30.0
SRMP2,18,30.0
CT62,18,30.0
F11R,18,30.0
ERH,18,30.0
MPZL3,18,30.0
KIF22,18,30.0
RSL24D1P6,18,30.0
RN7SL182P,18,30.0
RPL12P21,18,30.0
OMA1,18,30.0
RNA5SP195,18,30.0
CIPC,18,30.0
PCNP,18,30.0
ZNF121,18,30.0
C11orf65,18,30.0
DOLPP1,18,30.0
IGHVII-78-1,18,30.0
PAQR9,18,30.0
EEF1AKMT3,18,30.0
EPHB3,18,30.0
PTCHD3,18,30.0
FDCSP,18,30.0
RN7SL208P,18,30.0
MAB21L3,18,30.0
EPB41L4A-AS1,18,30.0
RNA5SP280,18,30.0
ACAT1,18,30.0
MCPH1-DT,18,30.0
IER3,18,30.0
BOLA1,18,30.0
BRK1,18,30.0
PPP1R2,18,30.0
B4GALNT3,18,30.0
ASAH2,18,30.0
BACH1-IT1,18,30.0
GJD3,18,30.0
TSC22D1,18,30.0
TSPO,18,30.0
RN7SL698P,18,30.0
CTNS,18,30.0
ANP32E,18,30.0
ST6GAL1,18,30.0
RN7SL128P,18,30.0
MIR181A1,18,30.0
RPIA,18,30.0
ATP6V1G2,18,30.0
LINC01250,18,30.0
EEF1A1P14,18,30.0
RWDD2B,18,30.0
RNU6-628P,18,30.0
CORO2A,18,30.0
RPL21P21,18,30.0
APLF,18,30.0
MT-CYB,18,30.0
CISD1,18,30.0
LINC01411,18,30.0
PAIP2,18,30.0
RSL24D1,18,30.0
LINC02474,18,30.0
TMX1,18,30.0
IST1,18,30.0
TCIM,18,30.0
ARHGEF3,18,30.0
SRSF6,18,30.0
TRBJ1-6,18,30.0
NAV2,18,30.0
KCNJ6-AS1,18,30.0
SLC66A3,18,30.0
LINC02669,18,30.0
LINC01992,18,30.0
MED30,18,30.0
HRH1,18,30.0
SNX5P2,18,30.0
OR9A2,18,30.0
NRIP1,18,30.0
ENPP7P9,18,30.0
AMIGO2,18,30.0
ANXA3,18,30.0
MRPS9-AS2,18,30.0
KRT18P19,18,30.0
HAUS7,18,30.0
TSPAN10,18,30.0
DGKD,18,30.0
SPDYE7P,18,30.0
GPR55,18,30.0
CD300LG,18,30.0
CST1,18,30.0
LPCAT4,18,30.0
SMIM41,18,30.0
RBMX2P5,18,30.0
RNU6-1095P,18,30.0
DENND2C,18,30.0
ZNF230,18,30.0
PRDX2P1,18,30.0
MIR640,18,30.0
MIR623,18,30.0
YWHAQ,18,30.0
GLRX5P3,18,30.0
RPS27P29,18,30.0
ACADSB,18,30.0
LINC00458,18,30.0
ARHGAP12,18,30.0
B4GALT1-AS1,18,30.0
LINC02328,18,30.0
LINC01095,18,30.0
FRMD4A-AS1,18,30.0
MIR188,18,30.0
OSTF1,18,30.0
GPR158,18,30.0
PEX11A,18,30.0
DDX6,18,30.0
LINC02976,18,30.0
ZC3H8,18,30.0
MAT1A,18,30.0
TAF1B,18,30.0
CARS1-AS1,18,30.0
MACC1,18,30.0
ELOVL7,18,30.0
SLC25A47,18,30.0
NT5CP2,18,30.0
RN7SL502P,18,30.0
TAF1D,18,30.0
GOLGA7,18,30.0
KCTD9P2,18,30.0
TM9SF1,18,30.0
ZBP1,18,30.0
SFR1,18,30.0
TSG101,18,30.0
SAMM50,18,30.0
ARPC5,18,30.0
DISC1,18,30.0
CPP,18,30.0
MINDY1,18,30.0
BNIP3P19,18,30.0
LIPT1,18,30.0
NRXN1,18,30.0
AP3S1,18,30.0
FAM225A,18,30.0
IQSEC3P1,18,30.0
MLIP,18,30.0
MYL12A,18,30.0
RNU7-77P,15,25.0
VWA7,15,25.0
SLCO6A1,15,25.0
LILRA2,15,25.0
CHIC2,15,25.0
MPRIPP1,15,25.0
ZNF485,15,25.0
CRYAB,15,25.0
DDAH2,15,25.0
C16orf86,15,25.0
PPP1R36,15,25.0
ICMT-DT,15,25.0
PUS1-AS1,15,25.0
RPL7P21,15,25.0
DDX11L2,15,25.0
STEAP1,15,25.0
ATP1B1P1,15,25.0
DNAJB12P1,15,25.0
TMPRSS11E,15,25.0
LINC02644,15,25.0
TMEM254-AS1,15,25.0
UBAC2,15,25.0
CYCSP11,15,25.0
MED21,15,25.0
YWHAZ,15,25.0
SNF8P1,15,25.0
ITGA7,15,25.0
TRPC7-AS1,15,25.0
RN7SL163P,15,25.0
RBM12B-AS1,15,25.0
FAM13B-AS1,15,25.0
SRR,15,25.0
SUFU,15,25.0
LNCDAT,15,25.0
SYBU-AS1,15,25.0
ZIK1,15,25.0
PENK,15,25.0
ENTPD6,15,25.0
LINC02641,15,25.0
LINC03054,15,25.0
RPL37AP8,15,25.0
RN7SL764P,15,25.0
GUSBP15,15,25.0
IL1RAP,15,25.0
MTF1,15,25.0
CCDC157,15,25.0
LCMT1-AS2,15,25.0
TUBAP14,15,25.0
PARVA,15,25.0
OSTCP6,15,25.0
PXMP2,15,25.0
LRRC73,15,25.0
SP140L,15,25.0
ARHGAP5-AS1,15,25.0
RGMB-AS1,15,25.0
MIR2276,15,25.0
SCGB1A1,15,25.0
TMEM121,15,25.0
XPC,15,25.0
SDC3,15,25.0
ZNF277,15,25.0
RIMBP3C,15,25.0
EXT2,15,25.0
NCMAP-DT,15,25.0
MILIP,15,25.0
DDX3X,15,25.0
RN7SL73P,15,25.0
SMIM2-IT1,15,25.0
BTBD18,15,25.0
GNPDA1,15,25.0
MIR342,15,25.0
FAM53B-AS1,15,25.0
LINC01717,15,25.0
BPHL,15,25.0
PLXNB3-AS1,15,25.0
INSIG2,15,25.0
TNNI1,15,25.0
MEI4,15,25.0
VN1R85P,15,25.0
CCDC183-AS1,15,25.0
EIF4E3,15,25.0
ZNF426,15,25.0
POPDC3,15,25.0
CDC20P1,15,25.0
LINC01627,15,25.0
IGHV3-15,15,25.0
DNAJB5P1,15,25.0
DDX10P2,15,25.0
SPSB1,15,25.0
MX1,15,25.0
TSN,15,25.0
CD63,15,25.0
SEMA4F,15,25.0
SRI,15,25.0
WASF3-AS1,15,25.0
SKA2,15,25.0
ATP6AP2,15,25.0
FBXO2,15,25.0
PBDC1,15,25.0
DCT,15,25.0
HRH4,15,25.0
PPIF,15,25.0
SKAP1,15,25.0
MOGAT3,15,25.0
ANKRD22,15,25.0
FBXL2,15,25.0
SMIM33,15,25.0
LINC01232,15,25.0
HSPB2,15,25.0
PPIAL4H,15,25.0
NKPD1,15,25.0
H2AZ2,15,25.0
MAP3K8,15,25.0
ACP6,15,25.0
SNORA38,15,25.0
RN7SKP25,15,25.0
SLC25A53,15,25.0
MAPK8IP1,15,25.0
CARD8-AS1,15,25.0
CPSF4L,15,25.0
POLR3K,15,25.0
AKAP1,15,25.0
ZNF34,15,25.0
POT1,15,25.0
HSH2D,15,25.0
CLDN1,15,25.0
UBE2Q2P12,15,25.0
STK16P1,15,25.0
CDR2L,15,25.0
SLC15A1,15,25.0
NECAP2,15,25.0
BTF3,15,25.0
PRLHR,15,25.0
TBXAS1,15,25.0
NFE2L3,15,25.0
STYXL1,15,25.0
TMCO4,15,25.0
GPR45,15,25.0
AQP2,15,25.0
KAT7,15,25.0
RDX,15,25.0
CYP2E1,15,25.0
SLC25A24,15,25.0
WNT3,15,25.0
PPP2CA,15,25.0
TRPS1-AS1,15,25.0
UNG,15,25.0
SLC35G2,15,25.0
TRIM49,15,25.0
PRKCZ,15,25.0
ARL5AP3,15,25.0
AGPAT2,15,25.0
VAMP3,15,25.0
ARSB,15,25.0
FOXA3,15,25.0
NFIL3,15,25.0
SLC5A1,15,25.0
MCC,15,25.0
MRPS18A,15,25.0
ATP1B3,15,25.0
SMIM24,15,25.0
ATG9A,15,25.0
RPL39L,15,25.0
GLRXP3,15,25.0
VAPA,15,25.0
DUSP10,15,25.0
TRMT10C,15,25.0
KLHL7,15,25.0
PDE1B,15,25.0
ACTN3,15,25.0
OR52I1,15,25.0
AZIN1,15,25.0
KIAA2013,15,25.0
RN7SL659P,15,25.0
OR2D3,15,25.0
CCPG1,15,25.0
ATP2A1-AS1,15,25.0
BBS2,15,25.0
GPR139,15,25.0
RN7SL683P,15,25.0
LINC01770,15,25.0
H2AC25,15,25.0
DNAH7,15,25.0
CPEB2,15,25.0
RPS12P31,15,25.0
UGT1A1,15,25.0
UTS2,15,25.0
RPS3AP41,15,25.0
MYADM,15,25.0
CLPSL1,15,25.0
HS3ST3B1,15,25.0
UROD,15,25.0
TM4SF1-AS1,15,25.0
C6orf58,15,25.0
IFITM3P5,15,25.0
RPL26P6,15,25.0
AIDAP2,15,25.0
ZDHHC19,15,25.0
FBXO7,15,25.0
TLR3,15,25.0
PDCL3P5,15,25.0
SMG6-IT1,15,25.0
SRD5A3,15,25.0
HNRNPC,15,25.0
FAM50B,15,25.0
RPL7L1P22,15,25.0
TMEM184C-DT,15,25.0
MCM7,15,25.0
GJB6,15,25.0
CARNMT1-AS1,15,25.0
WBP1L,15,25.0
C10orf88,15,25.0
TRA2A,15,25.0
TARDBP,15,25.0
DMAC2,15,25.0
NMU,15,25.0
SMAP2,15,25.0
GFOD1,15,25.0
LINC02159,15,25.0
SAYSD1,15,25.0
RN7SKP197,15,25.0
RPS17P5,15,25.0
TATDN1,15,25.0
FAM107B,15,25.0
PARD6B,15,25.0
TRABD-AS1,15,25.0
MRO,15,25.0
GGACT,12,20.0
SYAP1,12,20.0
PIGS,12,20.0
VTCN1,12,20.0
SAXO4,12,20.0
B3GNT5,12,20.0
RN7SL552P,12,20.0
RNU1-91P,12,20.0
ABCC6P2,12,20.0
EEF1A1P23,12,20.0
DNAJC8P3,12,20.0
GOLGA7B,12,20.0
LINC02402,12,20.0
DEUP1,12,20.0
CDH22,12,20.0
SLC25A51,12,20.0
PRR7,12,20.0
LSP1P2,12,20.0
PER2,12,20.0
RMND5B,12,20.0
GJB3,12,20.0
SQOR,12,20.0
ACKR2,12,20.0
LINC00867,12,20.0
FBN3,12,20.0
ZNF341-AS1,12,20.0
MEAK7,12,20.0
ITGAX,12,20.0
SDHC,12,20.0
AEBP2,12,20.0
FTH1P5,12,20.0
TXNDC12-AS1,12,20.0
AMD1P1,12,20.0
RN7SL404P,12,20.0
MIR1972-2,12,20.0
NUAK2,12,20.0
ETV4,12,20.0
FLJ13224,12,20.0
TRAK1,12,20.0
IKZF2,12,20.0
ADIPOR2,12,20.0
HELZ-AS1,12,20.0
ARL2BPP1,12,20.0
OSTN,12,20.0
LINC02989,12,20.0
SNORA40B,12,20.0
LINC01348,12,20.0
RNU6-308P,12,20.0
GOLGA2P4,12,20.0
RAB5CP1,12,20.0
TAX1BP3,12,20.0
RNU6-638P,12,20.0
SNX30-DT,12,20.0
NATD1,12,20.0
RN7SKP271,12,20.0
VEZTP1,12,20.0
LINC03072,12,20.0
CALCOCO1,12,20.0
FBXW10B,12,20.0
LSM3,12,20.0
RN7SL55P,12,20.0
HGH1,12,20.0
CRYBG2,12,20.0
IGHV3-79,12,20.0
NKX2-5,12,20.0
LAMB2,12,20.0
SLC39A5,12,20.0
GDF15,12,20.0
TTC21B,12,20.0
MRPS2,12,20.0
SYTL5,12,20.0
AVPI1,12,20.0
MFSD6,12,20.0
PCDHB6,12,20.0
PPP1R13B,12,20.0
ST3GAL4,12,20.0
PPP1R15B,12,20.0
CCDC32,12,20.0
GLIS3,12,20.0
SLC12A3,12,20.0
PAGE1,12,20.0
EPHB6,12,20.0
TNK2-AS1,12,20.0
TTC8,12,20.0
ERICH1,12,20.0
GPRC5B,12,20.0
VKORC1,12,20.0
LRRC8E,12,20.0
PLEKHG5,12,20.0
LRRC61,12,20.0
FAM27B,12,20.0
PCDHB1-AS1,12,20.0
FAS,12,20.0
TXNRD1,12,20.0
NGDN,12,20.0
SMIM20,12,20.0
APBA2,12,20.0
SPART,12,20.0
RTN4RL2,12,20.0
ZNF468,12,20.0
FGF7P8,12,20.0
LRRC49,12,20.0
RPL7P33,12,20.0
PAXIP1-AS2,12,20.0
IL22RA1,12,20.0
EIF1AX,12,20.0
CAPN2,12,20.0
PGM2L1,12,20.0
LRG1,12,20.0
RAP2B,12,20.0
KCNV2,12,20.0
RNU7-130P,12,20.0
FAM234A,12,20.0
TMEM145,12,20.0
DCTPP1,12,20.0
TRAPPC2,12,20.0
ZNF197,12,20.0
LRRC19,12,20.0
ZSCAN25,12,20.0
SOWAHD,12,20.0
TSPYL1,12,20.0
SSBL4P,12,20.0
KIR3DL2,12,20.0
LAMB3,12,20.0
PRICKLE2-AS1,12,20.0
RN7SL629P,12,20.0
ARPIN,12,20.0
FLNB-AS1,12,20.0
LINC01258,12,20.0
HPYR1,12,20.0
CYB5RL,12,20.0
CASC19,12,20.0
LINC02350,12,20.0
RPH3AL-AS2,12,20.0
SPAG16-DT,12,20.0
SNORD93,12,20.0
CDON,12,20.0
RN7SL735P,12,20.0
LINC01521,12,20.0
SPINK9,12,20.0
NDRG3,12,20.0
NEDD8,12,20.0
TMEM71,12,20.0
SLITRK5,12,20.0
SNX9-AS1,12,20.0
FBXO3,12,20.0
CAP2,12,20.0
CNNM1,12,20.0
RAB22A,12,20.0
TNFRSF11B,12,20.0
FRMPD1,12,20.0
TSPAN15,12,20.0
PPP2R5C,12,20.0
RNU6-1164P,12,20.0
SGTB,12,20.0
CDC42EP2,12,20.0
PRELID3A,12,20.0
BCS1L,12,20.0
NPIPB11,12,20.0
RN7SL678P,12,20.0
CDYL-AS1,12,20.0
KCNK4-CATSPERZ,12,20.0
SLC46A3,12,20.0
NDUFB4P6,12,20.0
LAMTOR3,12,20.0
GEN1,12,20.0
UBL5P4,12,20.0
RAE1,12,20.0
B3GALT9,12,20.0
PSAP,12,20.0
GLUD1,12,20.0
ARRB2,12,20.0
LINC02073,12,20.0
FPGT-TNNI3K,12,20.0
RNU6-110P,12,20.0
CAP2P1,12,20.0
COX15,12,20.0
PDCL,12,20.0
PHLDA1-DT,12,20.0
HNRNPA1P50,12,20.0
ETV3L,12,20.0
MIR6740,12,20.0
ADRA2B,12,20.0
C5orf34-AS1,12,20.0
NUP153-AS1,12,20.0
PPIAP34,12,20.0
RPL13P8,12,20.0
ARPC4,12,20.0
RBM7,12,20.0
IFNA8,12,20.0
LINC00536,12,20.0
LINC03008,12,20.0
CHI3L1,12,20.0
EGFR-AS1,12,20.0
RPS3AP42,12,20.0
FAM201A,12,20.0
RPS4XP14,12,20.0
TBC1D8,12,20.0
C6orf15,12,20.0
HNF1B,12,20.0
PCDHB1,12,20.0
HSD3BP4,12,20.0
PISD,12,20.0
SLC25A19,12,20.0
ARGFXP1,12,20.0
PEPD,12,20.0
PRTN3,12,20.0
ALG1L6P,12,20.0
RNU6-890P,12,20.0
KEAP1,12,20.0
MT-RNR2,12,20.0
TRAV13-2,12,20.0
SERTAD3,12,20.0
LINC01289,12,20.0
KLHL30,12,20.0
POLH,12,20.0
TUBB4BP2,12,20.0
ZNF439,12,20.0
HNRNPA1L3,12,20.0
GTF2IP5,12,20.0
RTRAFP2,12,20.0
SEPSECS-AS1,12,20.0
DCTN2,12,20.0
LINC00598,12,20.0
RNY4P36,12,20.0
OPTN,12,20.0
ZNF718,12,20.0
GCLM,12,20.0
DDX5P1,12,20.0
UBE3C,12,20.0
ZNF541,12,20.0
ELMO2,12,20.0
CXCL2,12,20.0
TPST2,12,20.0
LRRC42,12,20.0
GDNF,12,20.0
SEMA3F,12,20.0
BAIAP2L1,12,20.0
DCTD,12,20.0
DUSP22,12,20.0
UBL4A,12,20.0
SATB2,12,20.0
ITPRID1,12,20.0
RBBP5,12,20.0
TMEM245,12,20.0
PDP1,12,20.0
CRACD,12,20.0
RFC1,12,20.0
IKZF4,12,20.0
GSTO1,12,20.0
SNORA58B,12,20.0
TLE1-DT,12,20.0
KCNG2,12,20.0
ZBTB18,12,20.0
PYGB,12,20.0
VKORC1P1,12,20.0
TNFAIP1,12,20.0
RNY3P13,12,20.0
TUSC3,12,20.0
BNIP3P36,12,20.0
TP53RK-DT,12,20.0
RBM25-AS1,12,20.0
PRDX3,12,20.0
DPH1,12,20.0
CD207,12,20.0
TYMSOS,12,20.0
DNTTIP2,12,20.0
TTLL2,12,20.0
DNM1P41,12,20.0
DCLRE1C,12,20.0
ZNF227,12,20.0
PGM5P4-AS1,12,20.0
RNU6-623P,12,20.0
FGF11,12,20.0
GOLM2,12,20.0
MAB21L1,12,20.0
MPPED2,12,20.0
RPS6KA2,12,20.0
STAT3,12,20.0
MATN4,9,15.0
GPRC5D-AS1,9,15.0
LPP-AS1,9,15.0
HNRNPA3P4,9,15.0
PRR15-DT,9,15.0
CUL1P1,9,15.0
NPM1P39,9,15.0
ARPC3P2,9,15.0
KCTD14,9,15.0
MUC15,9,15.0
CCDC26,9,15.0
RPL6P9,9,15.0
MSX1,9,15.0
IDI2-AS1,9,15.0
U2AF1,9,15.0
NSMCE4A,9,15.0
CTNNAL1,9,15.0
RN7SL297P,9,15.0
SLC44A2,9,15.0
MIR600HG,9,15.0
GADD45A,9,15.0
RAP1B,9,15.0
CELA2A,9,15.0
PEX6,9,15.0
PWP1,9,15.0
TUBD1,9,15.0
BTG1-DT,9,15.0
PTPRG,9,15.0
PBX2P1,9,15.0
SEMA6A-AS2,9,15.0
RPS10,9,15.0
CLIP1-AS1,9,15.0
MIR1291,9,15.0
SLC44A1,9,15.0
LHX5,9,15.0
MAGEA10,9,15.0
NDUFA3P1,9,15.0
SLC25A28-DT,9,15.0
LINC00922,9,15.0
PTMAP11,9,15.0
RNU6-866P,9,15.0
RO60,9,15.0
SPINT1,9,15.0
GAST,9,15.0
SMYD1,9,15.0
HSPE1P26,9,15.0
TCP11L1,9,15.0
CERNA2,9,15.0
TPRN,9,15.0
C3orf52,9,15.0
CNN2,9,15.0
LASP1,9,15.0
GIPR,9,15.0
UBR7,9,15.0
NLRP5,9,15.0
KLHL30-AS1,9,15.0
LMLN-AS1,9,15.0
BATF3,9,15.0
FAM32A,9,15.0
GPR87,9,15.0
FCRL5,9,15.0
RPL7AP73,9,15.0
RNU6-677P,9,15.0
RBX1,9,15.0
AKAP17BP,9,15.0
NANOGP8,9,15.0
IRS1,9,15.0
GBP2,9,15.0
NT5M,9,15.0
LY6G5C,9,15.0
GATC,9,15.0
DMD,9,15.0
PEA15,9,15.0
LINC01569,9,15.0
ETHE1,9,15.0
SLC8A3,9,15.0
C2CD4A,9,15.0
SULT1A2,9,15.0
LRRC8B,9,15.0
H4C3,9,15.0
SLC25A6P4,9,15.0
SGCZ,9,15.0
IFT88,9,15.0
PPP3CB-AS1,9,15.0
UNC80,9,15.0
MIR938,9,15.0
RNU6-298P,9,15.0
ZNF66,9,15.0
HS6ST3,9,15.0
PPIAP73,9,15.0
ZNF667,9,15.0
ZNF181,9,15.0
RPN1,9,15.0
AQP12A,9,15.0
C17orf58,9,15.0
POLR3C,9,15.0
HMCES,9,15.0
RNU6-907P,9,15.0
DENND2B,9,15.0
SPDYE2B,9,15.0
RBM7P1,9,15.0
SLFN12,9,15.0
C3AR1,9,15.0
PIP5K1A,9,15.0
H1-0,9,15.0
OR4C49P,9,15.0
BEX3,9,15.0
CASQ1,9,15.0
RAPSN,9,15.0
MIR4511,9,15.0
FAM183BP,9,15.0
IFNAR1,9,15.0
C12orf54,9,15.0
RNA5SP485,9,15.0
CIMAP1D,9,15.0
RGS17P1,9,15.0
RPS15AP15,9,15.0
SOD1P1,9,15.0
CDC42P3,9,15.0
RAB8A,9,15.0
MUC19,9,15.0
SMOC2,9,15.0
IL1RL2,9,15.0
APH1A,9,15.0
GGNBP2,9,15.0
SGK1,9,15.0
RNASE3,9,15.0
CCDC167,9,15.0
MIR4257,9,15.0
PGGT1B,9,15.0
MB,9,15.0
DCP2,9,15.0
RAPH1,9,15.0
AMELX,9,15.0
ALDOA,9,15.0
ACSS2,9,15.0
GLMN,9,15.0
SWAP70,9,15.0
RPS7P15,9,15.0
STX11,9,15.0
RPL7L1P11,9,15.0
IL21-AS1,9,15.0
TLR8-AS1,9,15.0
GK4P,9,15.0
KLHL7-DT,9,15.0
GEMIN4,9,15.0
LBX2,9,15.0
DNAJC5B,9,15.0
RTRAFP1,9,15.0
FGFR4,9,15.0
ACAN,9,15.0
NGRN,9,15.0
COPG2,9,15.0
ZFYVE21,9,15.0
TRAJ4,9,15.0
NLRC4,9,15.0
SNORA74B,9,15.0
C1DP3,9,15.0
KLK13,9,15.0
HBAP1,9,15.0
URB2,9,15.0
ATP5F1B,9,15.0
MIR1255B2,9,15.0
RPS24P7,9,15.0
RNA5SP36,9,15.0
CFL1P3,9,15.0
MTND2P5,9,15.0
MIR548AT,9,15.0
RBM46,9,15.0
ADIPOR1P2,9,15.0
GAPDHP45,9,15.0
GRK5-IT1,9,15.0
WDR35-DT,9,15.0
TBX6,9,15.0
HSD17B12,9,15.0
NPY5R,9,15.0
RPS15AP12,9,15.0
RNU6-551P,9,15.0
RAX,9,15.0
APP-DT,9,15.0
PDE6B,9,15.0
H2AZP3,9,15.0
PLEKHG6,9,15.0
LMO7,9,15.0
HSPA9P1,9,15.0
FCRL3,9,15.0
RNU6-1267P,9,15.0
ZNF695,9,15.0
MAP3K6,9,15.0
NUDCP1,9,15.0
GAS6,9,15.0
NIPA2,9,15.0
TDRD6-AS1,9,15.0
RSL1D1,9,15.0
RPL7P9,9,15.0
RNA5SP295,9,15.0
EDDM3B,9,15.0
DNAJB1P2,9,15.0
MTTP,9,15.0
TRAJ38,9,15.0
TRAJ14,9,15.0
ACTR10,9,15.0
CLEC2A,9,15.0
YWHAZP2,9,15.0
MIR4484,9,15.0
THAP10,9,15.0
SYTL2,9,15.0
PIK3R5-DT,9,15.0
ADAMTSL4-AS1,9,15.0
RNFT1P2,9,15.0
RPF2,9,15.0
CCDC154,9,15.0
FAM241B,9,15.0
ANXA2P3,9,15.0
PHAX,9,15.0
TERC,9,15.0
TMOD1,9,15.0
WWC3-AS1,9,15.0
SSH3,9,15.0
RELL1,9,15.0
LINC00607,9,15.0
RNU6-315P,9,15.0
MIR16-1,9,15.0
STPG2-AS1,9,15.0
ZSWIM5,9,15.0
FAM114A2,9,15.0
CYREN,9,15.0
RBX1P2,9,15.0
PCMTD1P7,9,15.0
MIR16-2,9,15.0
PCSK9,9,15.0
RN7SL608P,9,15.0
COX6B1P3,9,15.0
APOOP5,9,15.0
LINC01700,9,15.0
XCL2,9,15.0
TBATA,9,15.0
RPL29P31,9,15.0
SCARNA10,9,15.0
TENT5B,9,15.0
AOC1,9,15.0
VSX1,9,15.0
U2AF2,9,15.0
PTPN4,9,15.0
YES1P1,9,15.0
NLK,9,15.0
UBE2D1,9,15.0
DHX33-DT,9,15.0
HLA-G,9,15.0
MIR873,9,15.0
HMGB4,9,15.0
RN7SKP97,9,15.0
ATP2C1,9,15.0
CYB5R1,9,15.0
FAM168A,9,15.0
MPHOSPH9,9,15.0
OFD1,9,15.0
RPL3P5,9,15.0
PRSS1,9,15.0
ABCB9,9,15.0
RN7SL69P,9,15.0
MAPRE3,9,15.0
PDXP,9,15.0
ANKRD30A,9,15.0
NT5C3A,9,15.0
COBLL1,9,15.0
ANAPC10,9,15.0
RTN4RL1,9,15.0
BNIP3P10,9,15.0
PTCHD4,9,15.0
RNFT1P3,9,15.0
NF1P2,9,15.0
OAS1,9,15.0
RPA1,9,15.0
LINC02233,9,15.0
LINC02730,9,15.0
FBXO32,9,15.0
ADRB3,9,15.0
COL11A1,9,15.0
HCAR2,9,15.0
MRPS31P4,9,15.0
RN7SKP20,9,15.0
PTPRJ-AS1,9,15.0
NADK2-AS1,9,15.0
AK2P2,9,15.0
PPP1R12A-AS1,9,15.0
STARD6,9,15.0
SCUBE2,9,15.0
CPEB2-DT,9,15.0
CDC7,9,15.0
RPL13P4,9,15.0
GLYCTK-AS1,9,15.0
ZMYM3,9,15.0
COSMOC,9,15.0
SLC35F1,9,15.0
ASB13,9,15.0
CHEK1,9,15.0
TRIM61,9,15.0
CAPS,9,15.0
F11,9,15.0
IPMK,9,15.0
LINC00639,9,15.0
LINC00520,9,15.0
RNU6-407P,9,15.0
C12orf60,9,15.0
LAMA5-AS1,9,15.0
RPSAP4,9,15.0
MEF2A,9,15.0
KRR1P1,9,15.0
CHMP1B,9,15.0
IL10RA,9,15.0
TRMO,9,15.0
BIRC2,9,15.0
LINC01954,9,15.0
FAM117B,9,15.0
ZNF252P-AS1,9,15.0
MOB3B,9,15.0
RN7SKP185,9,15.0
RPL7P6,9,15.0
SMPD4,9,15.0
OGFRL1,9,15.0
FKBP1B,9,15.0
OSBPL9,9,15.0
VRK3,9,15.0
GAR1,9,15.0
GTF2IP23,9,15.0
MIR1302-9HG,9,15.0
NBPF7P,9,15.0
LINC01672,9,15.0
MTPN,9,15.0
OTULIN-DT,9,15.0
FAM156A,9,15.0
PTPRZ1,9,15.0
MAD2L1BP,9,15.0
RNA5SP129,9,15.0
RPL23P4,9,15.0
ERVFRD-1,9,15.0
CTSH,9,15.0
RPL12P9,9,15.0
MTCO1P54,9,15.0
KIF18A,9,15.0
SPATS2,9,15.0
NMNAT1P1,9,15.0
RPL31P1,9,15.0
GRIA2,9,15.0
TSPAN8,9,15.0
CCDC92,9,15.0
SP110,9,15.0
PSAT1,9,15.0
C4BPB,9,15.0
PLCH1,9,15.0
GPR89A,9,15.0
NEXN-AS1,9,15.0
VN1R20P,9,15.0
MTCO1P19,9,15.0
CTHRC1,9,15.0
HSDL1,9,15.0
TRAJ40,9,15.0
ST13P7,9,15.0
ALG13,9,15.0
PGM5-AS1,9,15.0
NPEPPS,9,15.0
NMRK1,9,15.0
MIR3150BHG,9,15.0
RNU6-15P,9,15.0
RNU6-3P,9,15.0
MARCHF6,9,15.0
OSM,9,15.0
MAG,9,15.0
EAF1,9,15.0
H1-8P1,9,15.0
LARS2-AS1,9,15.0
CDK7P1,9,15.0
RCN1P2,9,15.0
HIGD2A,9,15.0
ZDHHC20-IT1,9,15.0
CFL1P2,9,15.0
SLC49A4,9,15.0
NDFIP1,9,15.0
DSG1,9,15.0
CACNG8,9,15.0
LYL1,9,15.0
LINC02271,6,10.0
LINC01475,6,10.0
CHCHD7,6,10.0
ZC3H10,6,10.0
MIR3193,6,10.0
TBCB,6,10.0
LRIG3-DT,6,10.0
PCGF5,6,10.0
RPL23P2,6,10.0
ALG3P1,6,10.0
CUEDC1,6,10.0
TMIE,6,10.0
EIF6,6,10.0
PCMTD2,6,10.0
LINC00870,6,10.0
GTF2IP9,6,10.0
ZNF337-AS1,6,10.0
BMS1P4-AGAP5,6,10.0
BNIP3,6,10.0
SRPK3,6,10.0
CES3,6,10.0
CDC42BPG,6,10.0
LINC00635,6,10.0
ARNT2-DT,6,10.0
TMEM252,6,10.0
ASIC3,6,10.0
DAOA,6,10.0
MYD88,6,10.0
ACBD5,6,10.0
CDK5P1,6,10.0
CLTA,6,10.0
DEFB126,6,10.0
DNAJB9,6,10.0
C5AR1,6,10.0
CRACDL,6,10.0
MGAT1,6,10.0
RNU6-336P,6,10.0
SLC39A11,6,10.0
SNORA66,6,10.0
RNU6-29P,6,10.0
ITIH5,6,10.0
IDO2,6,10.0
RFK,6,10.0
RPL36P2,6,10.0
PRO1804,6,10.0
ZBTB14,6,10.0
RPL7P52,6,10.0
RNA5SP88,6,10.0
KLF14,6,10.0
RNA5SP215,6,10.0
DNAJC3,6,10.0
MIPEPP1,6,10.0
GALNT9-AS1,6,10.0
RNU5E-10P,6,10.0
FNIP1,6,10.0
EIF4A1P8,6,10.0
SLPI,6,10.0
SPATA31C1,6,10.0
RPL32P31,6,10.0
TWIST1,6,10.0
ITPR2-AS1,6,10.0
TRDC,6,10.0
RPS19P7,6,10.0
KIF23,6,10.0
SLC51B,6,10.0
MAFK,6,10.0
KCND2,6,10.0
PLEKHO2,6,10.0
GMFB,6,10.0
RNF113A,6,10.0
ZNF724,6,10.0
ERGIC3,6,10.0
FZD6,6,10.0
HNRNPK,6,10.0
RPS29P31,6,10.0
IGHM,6,10.0
RTL1,6,10.0
HOXB4,6,10.0
BTF3L4P3,6,10.0
RFLNB,6,10.0
SAC3D1,6,10.0
SNORD101,6,10.0
SNORA80B,6,10.0
OR7E1P,6,10.0
SRP72P2,6,10.0
RNU6-245P,6,10.0
LINC01270,6,10.0
SMAP1,6,10.0
PCOTH,6,10.0
SDHAF1,6,10.0
ABHD1,6,10.0
RNU6-446P,6,10.0
OR10V3P,6,10.0
USP43,6,10.0
HSPE1P11,6,10.0
PNMA6A,6,10.0
BTN3A2,6,10.0
FGF18,6,10.0
GCC1,6,10.0
L1CAM,6,10.0
SNAPC4,6,10.0
CYLD-AS1,6,10.0
CYTOR,6,10.0
BMAL2-AS1,6,10.0
MAPK6P3,6,10.0
LRRC9,6,10.0
CTDSPL2-DT,6,10.0
USP9X,6,10.0
KRT19,6,10.0
WDFY1,6,10.0
ABHD17AP5,6,10.0
RN7SL67P,6,10.0
CRYBB2,6,10.0
EZH2,6,10.0
TSPAN12,6,10.0
INTS10,6,10.0
RPL26P9,6,10.0
PRPF39-DT,6,10.0
DDHD2,6,10.0
SH3GLB1,6,10.0
BAIAP2-DT,6,10.0
MGMT,6,10.0
C2orf49,6,10.0
RPL17P43,6,10.0
SHKBP1,6,10.0
KCTD17,6,10.0
TLX2,6,10.0
NBPF3,6,10.0
LINC02058,6,10.0
GATA6,6,10.0
STK38,6,10.0
CTPS2,6,10.0
RPL21P107,6,10.0
TRNP1,6,10.0
TMEM269,6,10.0
CMTR1,6,10.0
IL11RA,6,10.0
LY86-AS1,6,10.0
ADAMTS17,6,10.0
SYF2,6,10.0
CALCOCO2,6,10.0
SCEL,6,10.0
SRGN,6,10.0
UCN3,6,10.0
ZNF22,6,10.0
LIPA,6,10.0
PLOD3,6,10.0
LINC01878,6,10.0
PPIA,6,10.0
BET1-AS1,6,10.0
NLRP9P1,6,10.0
PRKAR1A,6,10.0
LINC02680,6,10.0
MGAM,6,10.0
UBXN8,6,10.0
TASOR2,6,10.0
TIMM44,6,10.0
THBS4,6,10.0
AKR1B10,6,10.0
ASF1B,6,10.0
FLVCR1-DT,6,10.0
SMPD3,6,10.0
PRPS2,6,10.0
VPS29,6,10.0
OR2L13,6,10.0
MTND6P32,6,10.0
MROCKI,6,10.0
RFPL3,6,10.0
COMMD10,6,10.0
FABP7P1,6,10.0
PCDHGA3,6,10.0
NAMPTP1,6,10.0
GNA13,6,10.0
RPS2P36,6,10.0
GNA15-DT,6,10.0
ASAP1-IT2,6,10.0
ZBTB7C-AS1,6,10.0
SLC25A12,6,10.0
HMGA2,6,10.0
MKRN2,6,10.0
CBR1-AS1,6,10.0
UNC5A,6,10.0
LINC01587,6,10.0
SLC6A8,6,10.0
HBEGF,6,10.0
SHANK3,6,10.0
COMMD5P1,6,10.0
YPEL5,6,10.0
ANAPC10P1,6,10.0
C22orf15,6,10.0
CENPX,6,10.0
RNU6-114P,6,10.0
C1QTNF2,6,10.0
ADORA3,6,10.0
C1orf210,6,10.0
NRIP3-DT,6,10.0
MUC5AC,6,10.0
PRDX2P2,6,10.0
LMNB2,6,10.0
THSD4-AS1,6,10.0
RPL31P8,6,10.0
SNORD70B,6,10.0
DDX12P,6,10.0
ABCB4,6,10.0
CTHRC1P1,6,10.0
SLC45A3,6,10.0
KRT8P28,6,10.0
KLKB1,6,10.0
RPL15P7,6,10.0
CT55,6,10.0
DUS1L,6,10.0
FAM3C,6,10.0
MIR4777,6,10.0
LNCTAM34A,6,10.0
MIR4423,6,10.0
LRP10,6,10.0
SMAGP,6,10.0
RNU6-213P,6,10.0
ARL8B,6,10.0
LINC01127,6,10.0
THEM5,6,10.0
SLC35A1,6,10.0
LINC00501,6,10.0
ADH1B,6,10.0
LINC02487,6,10.0
PRXL2CP1,6,10.0
C1orf94,6,10.0
RPL31P12,6,10.0
UBE2SP2,6,10.0
BMT2,6,10.0
PROSER2-AS1,6,10.0
DHRS12,6,10.0
SCARNA8,6,10.0
CDC123,6,10.0
HNRNPA1P30,6,10.0
SUMF1,6,10.0
COL2A1,6,10.0
TCAF2P1,6,10.0
HNRNPUP1,6,10.0
UTP23,6,10.0
FLNC-AS1,6,10.0
LINC02160,6,10.0
ZNF276,6,10.0
PALLD-AS1,6,10.0
PITPNM2,6,10.0
MIR7856,6,10.0
YIPF5,6,10.0
MRPL23-AS1,6,10.0
LINC02514,6,10.0
DCD,6,10.0
RPL7L1P20,6,10.0
RPL15P9,6,10.0
SMIM6,6,10.0
LINC00951,6,10.0
GYG1,6,10.0
SGPL1,6,10.0
PRKAA2,6,10.0
CCDC15,6,10.0
VDAC2,6,10.0
CDC14C,6,10.0
RNU6-190P,6,10.0
FAM120A,6,10.0
INPPL1,6,10.0
TFF3,6,10.0
TFAP2A-AS1,6,10.0
TRBV5-4,6,10.0
CD1C,6,10.0
ITGAD,6,10.0
BACH1,6,10.0
NDUFAF4P4,6,10.0
UBE2M,6,10.0
FBXL3,6,10.0
TRIQK,6,10.0
SRRD,6,10.0
LINC01288,6,10.0
CAPNS2,6,10.0
ZMPSTE24-DT,6,10.0
LINC01415,6,10.0
SRGAP2D,6,10.0
CBX1P3,6,10.0
RBM22P4,6,10.0
KCNMA1-AS1,6,10.0
TFAP2B,6,10.0
OGFR,6,10.0
KRT8P2,6,10.0
NUP133,6,10.0
TUBA3GP,6,10.0
RNU7-160P,6,10.0
KRT8P46,6,10.0
ZSCAN18,6,10.0
CFAP298-TCP10L,6,10.0
RN7SL250P,6,10.0
LINC00470,6,10.0
KRT86,6,10.0
PTPRA,6,10.0
KLF7P1,6,10.0
RRAS2,6,10.0
NDUFAF1,6,10.0
ETNK1,6,10.0
AFG3L2,6,10.0
GOLGA8S,6,10.0
GJD2-DT,6,10.0
ACKR3,6,10.0
EML6,6,10.0
CENPH,6,10.0
KRT80,6,10.0
NUDCD2,6,10.0
DELEC1,6,10.0
ZHX3,6,10.0
VWC2L,6,10.0
DOK7,6,10.0
TIGD2,6,10.0
YWHAQP6,6,10.0
CHRM5,6,10.0
C1orf174,6,10.0
PKP4-AS1,6,10.0
RN7SKP38,6,10.0
ARHGEF38-IT1,6,10.0
FCF1P7,6,10.0
TEX46,6,10.0
LINC00377,6,10.0
AGA,6,10.0
PHB1P9,6,10.0
NAALADL2-AS3,6,10.0
LINC00550,6,10.0
PENK-AS1,6,10.0
LLPHP2,6,10.0
OR5H14,6,10.0
PARK7P2,6,10.0
CADM2-AS1,6,10.0
TINAGL1,6,10.0
RN7SL75P,6,10.0
ERI1,6,10.0
LINC02361,6,10.0
HOXC6,6,10.0
RPS4XP10,6,10.0
LINC02120,6,10.0
COMMD6,6,10.0
ECSCR,6,10.0
ALDH7A1P1,6,10.0
MPO,6,10.0
RNU7-3P,6,10.0
BRIX1P1,6,10.0
DDX18P5,6,10.0
TBC1D23,6,10.0
NUPR1,6,10.0
ST20-AS1,6,10.0
OR9A4,6,10.0
NDUFA5P11,6,10.0
LINC01735,6,10.0
DLK2,6,10.0
ZKSCAN2-DT,6,10.0
RN7SL736P,6,10.0
ZNF426-DT,6,10.0
OSGIN2,6,10.0
CADPS,6,10.0
CSTF1,6,10.0
MRNIP,6,10.0
ZNF714,6,10.0
PLEKHH3,6,10.0
CARD16,6,10.0
LINC01563,6,10.0
SLX4IP,6,10.0
LINC02840,6,10.0
ERRFI1-DT,6,10.0
STEAP2,6,10.0
KCNJ6,6,10.0
LINC01046,6,10.0
H4C8,6,10.0
NOL9,6,10.0
GPT2,6,10.0
LINC00907,6,10.0
JADE1,6,10.0
SNX33,6,10.0
NAP1L5,6,10.0
ACTA2-AS1,6,10.0
RNY1P16,6,10.0
UBE2E3-DT,6,10.0
RNU6-82P,6,10.0
INPP5B,6,10.0
FTH1P3,6,10.0
SNORA79,6,10.0
C10orf55,6,10.0
HSPA7,6,10.0
ARHGAP26-AS1,6,10.0
NOC2LP1,6,10.0
DYNLT2B,6,10.0
TRAJ16,6,10.0
RNU6-331P,6,10.0
B3GALT4,6,10.0
NR2E1,6,10.0
DYRK3,6,10.0
GABPB2,6,10.0
CARHSP1,6,10.0
GALNT15,6,10.0
INPP5K,6,10.0
TXNDC8,6,10.0
BCO1,6,10.0
WDR33,6,10.0
YME1L1,6,10.0
EEF1GP3,6,10.0
MEP1B,6,10.0
HPN-AS1,6,10.0
SNAP25-AS1,6,10.0
AGBL3,6,10.0
ATP6V1B2,6,10.0
SDHAF4,6,10.0
TRMT5,6,10.0
NEIL2,6,10.0
R3HDM4,6,10.0
VPS26C,6,10.0
ADIPOR1,6,10.0
PTGER1,6,10.0
OR4Q2,6,10.0
GLB1,6,10.0
RXFP1,6,10.0
PPIAP80,6,10.0
OR13D3P,6,10.0
PHYKPL,6,10.0
PSMC1P13,6,10.0
MTUS1,6,10.0
C6orf47,6,10.0
ST8SIA2,6,10.0
VSIG1,6,10.0
PLAUR,6,10.0
NPM1P24,6,10.0
RNU2-23P,6,10.0
RPL23AP6,6,10.0
RNU6-1025P,6,10.0
RNF4,6,10.0
TTC7A,6,10.0
ING3,6,10.0
RAB7A,6,10.0
LGMN,6,10.0
TPD52L2,6,10.0
APMAP,6,10.0
EEA1,6,10.0
KRTAP10-2,6,10.0
TJP1,6,10.0
HIPK3,6,10.0
PRPF40B,6,10.0
MAN2A1,6,10.0
NNT,6,10.0
HMGXB3,6,10.0
MIR320D1,6,10.0
GNPAT,6,10.0
ALDH6A1,6,10.0
RNU6-878P,6,10.0
RNU6-616P,6,10.0
VN2R10P,6,10.0
PLAAT3,6,10.0
YWHAQP4,6,10.0
OR51B4,6,10.0
TAF7L,6,10.0
HMGN2P6,6,10.0
LINC01964,6,10.0
HID1-AS1,6,10.0
MIR924HG,6,10.0
LINC01539,6,10.0
TPTE2,6,10.0
GNB5,6,10.0
RRN3,6,10.0
DSP,6,10.0
CRISP1,6,10.0
TUBB1,6,10.0
BIRC7,6,10.0
SP4,6,10.0
TOB2,6,10.0
DUSP3,6,10.0
ANK2-AS1,6,10.0
PPP4R1L,6,10.0
PRAMEF12,6,10.0
GAPDHP60,6,10.0
WHAMMP2,6,10.0
PRMT5P1,6,10.0
LDLR,6,10.0
MED18,6,10.0
HAUS8,6,10.0
PDE6A,6,10.0
SHROOM3,6,10.0
RN7SL745P,6,10.0
GRIA4,6,10.0
WNT3A,6,10.0
EGFLAM-AS2,6,10.0
CBLL1P1,6,10.0
CARD9,6,10.0
MRPS21P1,6,10.0
MAP1LC3C,6,10.0
RBM20,6,10.0
MTND5P23,6,10.0
PIK3CD-AS1,6,10.0
ANXA2R,6,10.0
LEPROT,6,10.0
GACAT3,6,10.0
EEF1A1P46,6,10.0
C1orf167,6,10.0
FTH1P11,6,10.0
LRRN2,6,10.0
SRP14P1,6,10.0
HAUS6P1,6,10.0
OR4K2,6,10.0
PIGO,6,10.0
FMO8P,6,10.0
MTND3P23,6,10.0
PDLIM5,6,10.0
DDX39BP2,6,10.0
CLDN14,6,10.0
RN7SL521P,6,10.0
AADACL2-AS1,6,10.0
ERLEC1,6,10.0
VDAC1P13,6,10.0
HNRNPRP1,6,10.0
UNC79,6,10.0
LINC02666,6,10.0
CSDE1,6,10.0
VPS35,6,10.0
PUM3,6,10.0
RRAGB,6,10.0
SRGAP3-AS3,6,10.0
SEPTIN3,6,10.0
ATG4A,6,10.0
DECR1,6,10.0
MEST,6,10.0
ZBTB16,6,10.0
CCNG1,6,10.0
VDAC1P7,6,10.0
ANKHD1-DT,6,10.0
EPHA4,6,10.0
TMEM9,6,10.0
PYROXD2,6,10.0
TBC1D15,6,10.0
CCRL2,6,10.0
SEPTIN7,6,10.0
KRT8P4,6,10.0
RNF114,6,10.0
GNRH2,6,10.0
SLCO5A1-AS1,6,10.0
CFI,6,10.0
HSPB1P2,6,10.0
OR7E126P,6,10.0
SMG1P2,6,10.0
PLA2G10BP,6,10.0
ST13P5,6,10.0
TPM3P1,6,10.0
TNFRSF25,6,10.0
RPL31,6,10.0
LINC02816,6,10.0
PLA2G10,6,10.0
SPOPL-DT,6,10.0
LINC02433,6,10.0
HSPE1P27,6,10.0
ZNHIT3,6,10.0
PKN2-AS1,6,10.0
LINC02971,6,10.0
ASH2L,6,10.0
RN7SL258P,6,10.0
ZNF45-AS1,6,10.0
HNRNPCP4,6,10.0
TENM2-AS1,6,10.0
MPPED2-AS1,6,10.0
GOLGA8T,6,10.0
LINC00930,6,10.0
TBCAP2,6,10.0
LINC01761,6,10.0
STX5-DT,6,10.0
ACTR3P2,6,10.0
FOXP1-DT,6,10.0
PARP2,6,10.0
GINS2,6,10.0
TSHB,6,10.0
AP4B1,6,10.0
LINC00375,6,10.0
LINC00355,6,10.0
LINC01320,6,10.0
MICU2,6,10.0
ETF1,6,10.0
RRM1,6,10.0
LINC03070,6,10.0
YRDCP2,6,10.0
H3P2,6,10.0
RAB3D,6,10.0
ZNF174,6,10.0
RPL39P26,6,10.0
ARHGEF25,6,10.0
RPS2P24,6,10.0
RBM14-RBM4,6,10.0
RNY3P8,6,10.0
LINC02229,6,10.0
LINC01170,6,10.0
EMD,6,10.0
MAFTRR,6,10.0
XPOTP1,6,10.0
TRBV12-5,6,10.0
MIR644A,6,10.0
PRSS22,6,10.0
GABARAPL2,6,10.0
LRRC3B-AS1,6,10.0
LINC02523,6,10.0
FAM217A,6,10.0
ALKBH3,6,10.0
PGBD1,6,10.0
NUP54,6,10.0
KSR1,6,10.0
PNP,6,10.0
APP,6,10.0
MOB3C,6,10.0
CTDNEP1P1,6,10.0
ZNF490,6,10.0
SGCB,6,10.0
SEPTIN8,6,10.0
NELL1,6,10.0
M6PR,6,10.0
RNU6-196P,6,10.0
PLIN4,6,10.0
NSMCE1,6,10.0
RBM4,6,10.0
ARL6IP6,6,10.0
RMI1,6,10.0
CYB5D1,6,10.0
PRR36,6,10.0
S100A16,6,10.0
RPL7AP25,6,10.0
ZC3H12A-DT,6,10.0
RNU6-343P,6,10.0
ASIP,6,10.0
C2-AS1,6,10.0
CREB3L1,6,10.0
WDR20,6,10.0
CDKN1C,6,10.0
PLA2G4E,6,10.0
HPCAL4,6,10.0
NT5C1A,6,10.0
DDX50,6,10.0
NALF2,6,10.0
PIKFYVE,6,10.0
LAMA5,6,10.0
ABTB1,6,10.0
ANKRD13C,6,10.0
POLL,6,10.0
GGT7,6,10.0
PPP1R1B,6,10.0
RNA5SP442,6,10.0
ZFP36,6,10.0
TCN2,6,10.0
MAD2L1,6,10.0
BTG4,6,10.0
TRIB1,6,10.0
ZSCAN21,6,10.0
GPX4,6,10.0
DAPK3,6,10.0
SOX7,6,10.0
ATP7B,6,10.0
GNG11,6,10.0
PI3,6,10.0
LRRC37B,6,10.0
FAM124B,6,10.0
NTAN1,6,10.0
PAEP,6,10.0
GOLGA8G,6,10.0
PLD2,6,10.0
CA13,6,10.0
EML5,6,10.0
STK26,6,10.0
HYAL4,6,10.0
EEF1D,6,10.0
TACC1,6,10.0
LRRC2,6,10.0
TCF7L2,6,10.0
GRB7,6,10.0
ILVBL,6,10.0
SAMD3,6,10.0
C2CD4B,6,10.0
POLDIP3,6,10.0
VPS28,6,10.0
RABGAP1L,6,10.0
TSPAN14,6,10.0
LRRC52-AS1,3,5.0
MGC27382,3,5.0
RNA5SP397,3,5.0
SPRY4-AS1,3,5.0
PIK3R5,3,5.0
LINC01810,3,5.0
HM13-AS1,3,5.0
RPL7AP71,3,5.0
ACSS3,3,5.0
LINC00608,3,5.0
FAM228A,3,5.0
SYNM-AS2,3,5.0
RSL24D1P8,3,5.0
CNTD1,3,5.0
RNF152P1,3,5.0
TPRG1-AS2,3,5.0
FOXO6-AS1,3,5.0
RPL17P28,3,5.0
FAM240B,3,5.0
AADACL2,3,5.0
RFESDP1,3,5.0
LINC02850,3,5.0
MIR30D,3,5.0
LINC01237,3,5.0
CIAO1,3,5.0
CAMKK2,3,5.0
EIF2D,3,5.0
DZIP3,3,5.0
COX7BP4,3,5.0
PI4KB,3,5.0
LINC02838,3,5.0
RPL31P62,3,5.0
STK11IP,3,5.0
RNU6ATAC26P,3,5.0
GS1-279B7.1,3,5.0
SLC25A25,3,5.0
DHX37,3,5.0
RBM14,3,5.0
OR2H5P,3,5.0
HMGA1P4,3,5.0
PTPN11,3,5.0
LINC01222,3,5.0
NEBL,3,5.0
RECQL,3,5.0
MAP3K20,3,5.0
ZFAND3-DT,3,5.0
TINF2,3,5.0
TACC1P1,3,5.0
EFCAB6-AS1,3,5.0
KLHL15,3,5.0
CNN2P1,3,5.0
ATF4P3,3,5.0
DNAJB6P4,3,5.0
RPL21P72,3,5.0
RN7SL288P,3,5.0
KRT8P13,3,5.0
LINC00297,3,5.0
ZNF540,3,5.0
MIR181A2HG,3,5.0
LINC00159,3,5.0
ADH5P3,3,5.0
RPS24P14,3,5.0
RNU6-321P,3,5.0
CEACAM4,3,5.0
ADORA2B,3,5.0
KRT74,3,5.0
RPS3AP3,3,5.0
HTATSF1,3,5.0
RN7SL105P,3,5.0
JPH1,3,5.0
ZNF816-ZNF321P,3,5.0
SIX2,3,5.0
PDLIM1,3,5.0
MCM6,3,5.0
LINC03036,3,5.0
FRMPD4,3,5.0
LPGAT1-AS1,3,5.0
FNDC10,3,5.0
OXSM,3,5.0
CHMP5P1,3,5.0
LINC02263,3,5.0
UQCRBP2,3,5.0
RNF20,3,5.0
ZNF843,3,5.0
TNFRSF1B,3,5.0
NFASC,3,5.0
RIMS2,3,5.0
C13orf42,3,5.0
MLXP1,3,5.0
REEP3,3,5.0
CDH23,3,5.0
SMAD2,3,5.0
RPA2P2,3,5.0
MAPK8,3,5.0
HNRNPA1P37,3,5.0
IARS2,3,5.0
TTC36-AS1,3,5.0
TM2D2,3,5.0
GUSBP16,3,5.0
TTC38,3,5.0
LINC02492,3,5.0
LINC01907,3,5.0
DDC-AS1,3,5.0
IFIT5,3,5.0
MIR8053,3,5.0
NMNAT1P3,3,5.0
PIGFP1,3,5.0
HAT1,3,5.0
LINC01619,3,5.0
BICDL1,3,5.0
YWHAZP7,3,5.0
LNCOG,3,5.0
LINC00824,3,5.0
CSRP3,3,5.0
GALNT5,3,5.0
SLC40A1,3,5.0
SYS1,3,5.0
MIR5093,3,5.0
ZNF607,3,5.0
EXOC3L2,3,5.0
DISP2,3,5.0
SNHG25,3,5.0
IFIT1,3,5.0
RPA2,3,5.0
RN7SKP57,3,5.0
COLGALT1,3,5.0
RNU6-1003P,3,5.0
RNU6-267P,3,5.0
PODNL1,3,5.0
PARK7,3,5.0
RNU7-18P,3,5.0
LINC02315,3,5.0
ZNF429,3,5.0
RALB,3,5.0
NSA2P6,3,5.0
SPATA6,3,5.0
LINC02162,3,5.0
OVOL2,3,5.0
ZNF436,3,5.0
NECAB1,3,5.0
MANSC4,3,5.0
MIR5699,3,5.0
PIP5K1P1,3,5.0
MAPK8IP3-AS1,3,5.0
BZW1,3,5.0
RNU6ATAC16P,3,5.0
ZNNT1,3,5.0
LINC01582,3,5.0
INO80-AS1,3,5.0
CD44,3,5.0
LMNB1,3,5.0
SENP5,3,5.0
CNPPD1,3,5.0
NFE2L2,3,5.0
RCL1,3,5.0
MIR4284,3,5.0
CHRNA2,3,5.0
HIF1A-AS1,3,5.0
YBX2P2,3,5.0
ASS1P14,3,5.0
MT-TR,3,5.0
CEACAMP1,3,5.0
RN7SL96P,3,5.0
FBXL5,3,5.0
CACNA2D2,3,5.0
TCTN3,3,5.0
ARMH3,3,5.0
SNORD105,3,5.0
GHSR,3,5.0
POLR3GL,3,5.0
HSD17B4,3,5.0
TARS1,3,5.0
WHSC1L2P,3,5.0
MIR6129,3,5.0
EOGT,3,5.0
RN7SL812P,3,5.0
POU5F1P6,3,5.0
GUSBP7,3,5.0
GTF2A1L,3,5.0
RPL12P32,3,5.0
BALR6,3,5.0
PDCD6IPP1,3,5.0
NF2,3,5.0
UBE2Q2P6,3,5.0
ELOCP19,3,5.0
CPA6,3,5.0
IDH3A,3,5.0
RARRES2P1,3,5.0
PLK1,3,5.0
ZBTB43,3,5.0
EXOC2,3,5.0
TDGF1,3,5.0
CKAP2L,3,5.0
SPMIP3P1,3,5.0
ZNF725P,3,5.0
LINC01444,3,5.0
DUX4L35,3,5.0
RN7SL728P,3,5.0
TMC7,3,5.0
RN7SL813P,3,5.0
EVC2,3,5.0
C21orf91-OT1,3,5.0
ZNF449,3,5.0
RN7SL762P,3,5.0
ASTILCS,3,5.0
RPL7L1P4,3,5.0
WDR64,3,5.0
TENT5A,3,5.0
FAM180B,3,5.0
ADAMTS19-AS1,3,5.0
KRT8P35,3,5.0
ZNF229,3,5.0
ARPC1AP2,3,5.0
FBXL17,3,5.0
CDC73,3,5.0
TERLR1,3,5.0
RERG,3,5.0
ADAMTS7P1,3,5.0
UFM1P1,3,5.0
SAP30-DT,3,5.0
SRPK2,3,5.0
AKAP4,3,5.0
LINC02604,3,5.0
LINC00276,3,5.0
HCG17,3,5.0
BBS7,3,5.0
ST8SIA6,3,5.0
TMEM19,3,5.0
OR5K2,3,5.0
MOCS2-DT,3,5.0
SFTPD-AS1,3,5.0
CNBD2,3,5.0
MINDY2-DT,3,5.0
LINC02211,3,5.0
CERS5,3,5.0
CBS,3,5.0
IGFL1P1,3,5.0
RNU6-150P,3,5.0
SLC12A9-AS1,3,5.0
RNU6-570P,3,5.0
MIR4438,3,5.0
LINC01892,3,5.0
LINC02185,3,5.0
SPECC1-DT,3,5.0
FBXL19-AS1,3,5.0
LINC02316,3,5.0
SEPHS1P2,3,5.0
PPIAP6,3,5.0
CBX3P5,3,5.0
CLEC12B,3,5.0
CBX3P4,3,5.0
TDGF1P5,3,5.0
XRCC6P4,3,5.0
IGHVII-15-1,3,5.0
MIR320B2,3,5.0
DFFBP1,3,5.0
KLHL2P1,3,5.0
BFSP2-AS1,3,5.0
BCL9P1,3,5.0
THAP12P2,3,5.0
RPL31P49,3,5.0
RN7SL160P,3,5.0
RPL36AP38,3,5.0
RNU7-46P,3,5.0
EEF1A1P31,3,5.0
RPL28P2,3,5.0
RPL21P121,3,5.0
RPS20P24,3,5.0
ERICH2-DT,3,5.0
PIRT,3,5.0
ZNF222-DT,3,5.0
DNAH17-AS1,3,5.0
SINHCAFP2,3,5.0
CDC42EP3P1,3,5.0
KRT18P33,3,5.0
KRT12,3,5.0
KDM4D,3,5.0
RFX6,3,5.0
WDR97,3,5.0
MUC20,3,5.0
UBXN2A,3,5.0
TMEM126B,3,5.0
ZNF804A,3,5.0
ZNF526,3,5.0
H2AZ1,3,5.0
LRRTM1,3,5.0
NDUFAF6,3,5.0
RAB41,3,5.0
PARP9,3,5.0
TOR1B,3,5.0
PHF11,3,5.0
IFIT3,3,5.0
PLAGL1,3,5.0
ZC2HC1A,3,5.0
TMEM230,3,5.0
PDRG1,3,5.0
BCL3,3,5.0
LIMA1,3,5.0
PM20D1-AS1,3,5.0
LINC00506,3,5.0
STPG3-AS1,3,5.0
PPP4R2P6,3,5.0
SIGLEC24P,3,5.0
ATP6V1G1P4,3,5.0
FAM207BP,3,5.0
LAMP5-AS1,3,5.0
MCUR1P1,3,5.0
ATAT1,3,5.0
LRP4,3,5.0
CCDC62,3,5.0
GPR18,3,5.0
CD80,3,5.0
PECR,3,5.0
APOC3,3,5.0
FBXW7,3,5.0
GABRP,3,5.0
CPA1,3,5.0
SYT7,3,5.0
LUNAR1,3,5.0
YWHAQP7,3,5.0
AGAP7P,3,5.0
PWRN4,3,5.0
UGT1A2P,3,5.0
BORCS8,3,5.0
RNU6-577P,3,5.0
UGT2B24P,3,5.0
LINC02513,3,5.0
DEFB109F,3,5.0
SUMO1P1,3,5.0
PEDS1,3,5.0
MTND6P6,3,5.0
RPL23AP72,3,5.0
LINC00957,3,5.0
PRDM10-DT,3,5.0
FAAHP1,3,5.0
RPS3P1,3,5.0
NCAPD2P1,3,5.0
TOM1L1,3,5.0
SLC6A3,3,5.0
C9orf72,3,5.0
OR5C1,3,5.0
SALL1P1,3,5.0
TRNT1P1,3,5.0
EIF4BP3,3,5.0
H3P26,3,5.0
RPSAP18,3,5.0
TINCR,3,5.0
RNU6-233P,3,5.0
RNU6-584P,3,5.0
PTGES3P2,3,5.0
LRRC37A14P,3,5.0
LYRM4,3,5.0
RPL22P22,3,5.0
TUBB8P8,3,5.0
IGHV3-33,3,5.0
TRAJ7,3,5.0
RNU6-925P,3,5.0
C4orf46P1,3,5.0
RNU6-1317P,3,5.0
RNA5SP515,3,5.0
RNA5SP218,3,5.0
MVB12B,3,5.0
DAZAP2,3,5.0
CSGALNACT2P1,3,5.0
GLIS1,3,5.0
KIR3DL1,3,5.0
TXLNB,3,5.0
CLDN19,3,5.0
ITLN2,3,5.0
PAXX,3,5.0
SNX10-AS1,3,5.0
WASH8P,3,5.0
GLIS3-AS2,3,5.0
CLDN3,3,5.0
CCDC71,3,5.0
MAN1B1,3,5.0
PCNPP5,3,5.0
KAT5,3,5.0
MUS81,3,5.0
ACOT12,3,5.0
BBLN,3,5.0
JAGN1,3,5.0
HSPB3,3,5.0
LMAN2,3,5.0
SPRYD3,3,5.0
KLHL26,3,5.0
RPUSD4,3,5.0
CRYL1,3,5.0
KCNK5,3,5.0
KAAG1,3,5.0
SPRY1,3,5.0
TGM4,3,5.0
FAAP20,3,5.0
PEF1,3,5.0
DHRS3,3,5.0
YDJC,3,5.0
COX6B2,3,5.0
SSU72,3,5.0
MIS18A,3,5.0
HK1,3,5.0
B3GAT3,3,5.0
FUOM,3,5.0
MIGA2,3,5.0
EIF3H,3,5.0
MIEF2,3,5.0
OPLAH,3,5.0
TMEM125,3,5.0
ZNF48,3,5.0
CSAG2,3,5.0
H3Y2,3,5.0
MIR497HG,3,5.0
KLRF2,3,5.0
OR10V2P,3,5.0
TDH-AS1,3,5.0
FKBP4P1,3,5.0
LINC00698,3,5.0
RPL36AP1,3,5.0
MRPS17,3,5.0
CSNK1G2P1,3,5.0
KMT5AP2,3,5.0
LINC01063,3,5.0
ACTG1P23,3,5.0
DHFR,3,5.0
EIF2S2P5,3,5.0
HTR2A-AS1,3,5.0
NUDT19,3,5.0
NEU1,3,5.0
RNA5SP502,3,5.0
PRC1,3,5.0
HMGN2,3,5.0
MT-ND5,3,5.0
ATP11AUN,3,5.0
XRCC6,3,5.0
MCRS1,3,5.0
ZNF286A,3,5.0
KIF18B,3,5.0
MAB21L2,3,5.0
GIGYF1,3,5.0
PFKL,3,5.0
TRGV6,3,5.0
MZT1P1,3,5.0
GSDMD,3,5.0
EIF3J,3,5.0
NUBP2,3,5.0
COMT,3,5.0
SLC25A3,3,5.0
KARS1,3,5.0
ACAA1,3,5.0
GDI2,3,5.0
RELT,3,5.0
DEPDC1,3,5.0
CAPN1,3,5.0
IDS,3,5.0
ARF5,3,5.0
ARRDC3-AS1,3,5.0
SETP2,3,5.0
WDR45B,3,5.0
SLC25A21-AS1,3,5.0
SNRPCP6,3,5.0
RNA5SP282,3,5.0
MSRB3-AS1,3,5.0
FAM111A-DT,3,5.0
APOBEC3C,3,5.0
RPS18P5,3,5.0
RPS15AP38,3,5.0
LINC02530,3,5.0
HSD17B7P1,3,5.0
MRPS31P2,3,5.0
SEMA3B-AS1,3,5.0
EFHD2-AS1,3,5.0
LINC01509,3,5.0
KLHDC4,3,5.0
PLEKHJ1,3,5.0
TRMT1,3,5.0
ATP1A3,3,5.0
ZMYND15,3,5.0
GAS8,3,5.0
COMMD4,3,5.0
PTPRQ,3,5.0
FLOT1,3,5.0
CNPY3,3,5.0
HNRNPA1,3,5.0
RAN,3,5.0
TUBGCP2,3,5.0
A4GALT,3,5.0
DSTN,3,5.0
SNRPB,3,5.0
ARMC7,3,5.0
MYRF-AS1,3,5.0
DDX39A,3,5.0
DDX54,3,5.0
FKBP9,3,5.0
DLST,3,5.0
HS1BP3,3,5.0
CTSD,3,5.0
AGXT2,3,5.0
ULBP1,3,5.0
RAB35,3,5.0
PANX1,3,5.0
TMEM33,3,5.0
DHX58,3,5.0
OGDH,3,5.0
COMP,3,5.0
PPP2R1A,3,5.0
RABGAP1L-AS1,3,5.0
RPL12P19,3,5.0
RC3H1-IT1,3,5.0
RNU6-512P,3,5.0
CALM2P3,3,5.0
FTH1P12,3,5.0
RNU6-780P,3,5.0
IGLV3-16,3,5.0
MIR28,3,5.0
RNU6-13P,3,5.0
LINC01310,3,5.0
HMGN1,3,5.0
CFAP96,3,5.0
LINC02716,3,5.0
BTNL2,3,5.0
RNU6-290P,3,5.0
RNY4P17,3,5.0
RNU6-865P,3,5.0
RNA5SP123,3,5.0
FAM153A,3,5.0
RNU6-490P,3,5.0
RNU6-633P,3,5.0
KCNRG,3,5.0
GPX1P1,3,5.0
RPS2P4,3,5.0
TOGARAM2,3,5.0
ENO4,3,5.0
UBE2L3,3,5.0
MRGPRE,3,5.0
KIAA2012,3,5.0
EIF3K,3,5.0
MLF1,3,5.0
SLC66A1L,3,5.0
SWSAP1,3,5.0
BTF3P7,3,5.0
RNU2-52P,3,5.0
RNU6-272P,3,5.0
RNU4-22P,3,5.0
RN7SL233P,3,5.0
GSK3B-DT,3,5.0
MEAF6P1,3,5.0
GAPDHP33,3,5.0
MTERF1P1,3,5.0
RN7SL213P,3,5.0
IMP3P2,3,5.0
PLS1-AS1,3,5.0
SCARNA7,3,5.0
SUMO2P10,3,5.0
SNORA71B,3,5.0
FTH1P2,3,5.0
CDC42P2,3,5.0
RPS15P4,3,5.0
UBE2E4P,3,5.0
PPP4R2P5,3,5.0
NBPF21P,3,5.0
NEK2-DT,3,5.0
LINC02603,3,5.0
MIR4500HG,3,5.0
SUCLA2-AS1,3,5.0
RPL23AP43,3,5.0
LINC00840,3,5.0
FCF1P6,3,5.0
LINC01671,3,5.0
PPIAP10,3,5.0
CCND3P1,3,5.0
ATP5MFP1,3,5.0
LINC01983,3,5.0
MRPL57,3,5.0
TRAPPC1,3,5.0
LINC01018,3,5.0
GATB,3,5.0
ACYP1,3,5.0
OSCP1,3,5.0
IL5,3,5.0
IK,3,5.0
GMNN,3,5.0
SLC38A1,3,5.0
HSPB1,3,5.0
CYTH2,3,5.0
IL7,3,5.0
EMC2,3,5.0
RAB36,3,5.0
BLVRB,3,5.0
EXOSC7,3,5.0
NDUFB4,3,5.0
SLC18A1,3,5.0
RAMAC,3,5.0
ACTL10,3,5.0
MIR6736,3,5.0
MIR4729,3,5.0
FAM72C,3,5.0
RACGAP1P1,3,5.0
KHDC1L,3,5.0
SMIM10L1,3,5.0
RMST,3,5.0
NASPP1,3,5.0
SMAD1-AS1,3,5.0
RPL7AP31,3,5.0
RPL31P31,3,5.0
RPL21P55,3,5.0
UQCRHP2,3,5.0
RGSL1,3,5.0
SNRPC,3,5.0
COX6B1,3,5.0
UQCR11,3,5.0
SCNN1B,3,5.0
ATP5PD,3,5.0
DNAAF3,3,5.0
OR51I1,3,5.0
IQCD,3,5.0
FAM227B,3,5.0
NDUFB8,3,5.0
PDSS2,3,5.0
C1orf50,3,5.0
EFHB,3,5.0
ALPG,3,5.0
S100A11,3,5.0
TPPP3,3,5.0
SVOPL,3,5.0
RPP38,3,5.0
P4HA3,3,5.0
RPS3,3,5.0
TRIM55,3,5.0
CDKL2,3,5.0
MNS1,3,5.0
RPS15A,3,5.0
DYDC2,3,5.0
MED10,3,5.0
CNGA4,3,5.0
EIF2S2P4,3,5.0
CCDC136,3,5.0
IFT22,3,5.0
RIBC2,3,5.0
TICAM1,3,5.0
MTAPP1,3,5.0
RNY4,3,5.0
RPS3AP27,3,5.0
RPL5P30,3,5.0
ZFP91P1,3,5.0
CNNM3-DT,3,5.0
LINC02427,3,5.0
BNIP3P29,3,5.0
ZNF723,3,5.0
VN1R80P,3,5.0
EEF1DP7,3,5.0
SMG1-DT,3,5.0
HP,3,5.0
IFT57P1,3,5.0
RNA5SP154,3,5.0
RTEL1P1,3,5.0
TRD-AS1,3,5.0
LINC02014,3,5.0
RN7SL806P,3,5.0
SETSIP,3,5.0
RPL7AP27,3,5.0
KRTAP5-4,3,5.0
RN7SL338P,3,5.0
G2E3P1,3,5.0
CENPPP1,3,5.0
SPATA31D2P,3,5.0
DYRK3-AS1,3,5.0
MTND2P11,3,5.0
CUBNP3,3,5.0
LINC01777,3,5.0
LINC01239,3,5.0
VN2R3P,3,5.0
NPIPB7,3,5.0
RPL36AP34,3,5.0
CYP2W1,3,5.0
DESI1,3,5.0
PIGH,3,5.0
PCDH11X,3,5.0
TDRD15,3,5.0
SETP21,3,5.0
YWHAZP4,3,5.0
IGHG3,3,5.0
SNORA70B,3,5.0
COL11A2,3,5.0
RNA5SP119,3,5.0
RNU6-79P,3,5.0
TAF13,3,5.0
PRSS38,3,5.0
ADSS1,3,5.0
OR51J1,3,5.0
IBA57,3,5.0
NHERF4,3,5.0
SRGAP2C,3,5.0
GLYCTK,3,5.0
GPT,3,5.0
PRRX2,3,5.0
PPP1R16A,3,5.0
ADK,3,5.0
NAPRT,3,5.0
POLR2D,3,5.0
SLC16A3,3,5.0
NUDT15,3,5.0
ITGB4,3,5.0
FCF1,3,5.0
GALNT12,3,5.0
TBP,3,5.0
AURKC,3,5.0
ITGA6-AS1,3,5.0
LINC02798,3,5.0
RNA5SP364,3,5.0
CFAP97D2,3,5.0
DHDDS,3,5.0
NEK2,3,5.0
PCSK4,3,5.0
TLDC2,3,5.0
CWF19L1,3,5.0
MYL6,3,5.0
NSFL1C,3,5.0
MTIF2,3,5.0
ACTB,3,5.0
SERPINB3,3,5.0
RALA,3,5.0
REXO6P,3,5.0
MIR5010,3,5.0
PET100P1,3,5.0
MRPL57P8,3,5.0
RNU6-402P,3,5.0
MIR6877,3,5.0
HNRNPD-DT,3,5.0
NTAN1P1,3,5.0
PCAT19,3,5.0
RAC1P1,3,5.0
MIR5190,3,5.0
MIR3649,3,5.0
LINC02136,3,5.0
USP7-AS1,3,5.0
LINC02280,3,5.0
PTTG1P1,3,5.0
TAS2R63P,3,5.0
LINC02421,3,5.0
LINC01479,3,5.0
MUC5B,3,5.0
MYL12B,3,5.0
EXOSC9,3,5.0
BPIFB1,3,5.0
IGKV3D-20,3,5.0
MIR320A,3,5.0
MIR558,3,5.0
SNORA36C,3,5.0
RNU6-128P,3,5.0
SNORD114-19,3,5.0
ASB12,3,5.0
FBLL1,3,5.0
ZFP1,3,5.0
MAP7D2,3,5.0
TP53TG1,3,5.0
ABCA13,3,5.0
HNRNPCL1,3,5.0
C10orf71,3,5.0
VEGFB,3,5.0
OR1N1,3,5.0
TMPRSS5,3,5.0
COX11,3,5.0
SMIM12,3,5.0
CXCL5,3,5.0
FBXO36,3,5.0
LYSET,3,5.0
GPR6,3,5.0
ZMAT2,3,5.0
MUC4,3,5.0
RAB5A,3,5.0
MYBPH,3,5.0
FCHO1,3,5.0
TSPAN16,3,5.0
OR6B1,3,5.0
HTR3A,3,5.0
LINC02531,3,5.0
LINC01914,3,5.0
GRHL3-AS1,3,5.0
MEIS1-AS2,3,5.0
ASS1P1,3,5.0
PAM16,3,5.0
ZC3H11B,3,5.0
TRAJ32,3,5.0
RNA5SP84,3,5.0
RNU6-227P,3,5.0
COPS8,3,5.0
FAM72A,3,5.0
ZNF250,3,5.0
FKBP9P1,3,5.0
CNTNAP2,3,5.0
CNBP,3,5.0
SNUPN,3,5.0
LHFPL4,3,5.0
VSIG4,3,5.0
MR1,3,5.0
TMEM25,3,5.0
NME7,3,5.0
PGGHG,3,5.0
SLC24A4,3,5.0
GPR84,3,5.0
APPL2,3,5.0
ATG14,3,5.0
ENOX1-AS1,3,5.0
CLIC4P1,3,5.0
CDC42EP5,3,5.0
RPS7P12,3,5.0
KRT84,3,5.0
IER2,3,5.0
CLDN8,3,5.0
TRIM74,3,5.0
TRMT44,3,5.0
PLOD2,3,5.0
CPLX2,3,5.0
EGLN3,3,5.0
AMD1,3,5.0
SLC46A2,3,5.0
RCAN3,3,5.0
CCR6,3,5.0
PARD6A,3,5.0
ATP6V1D,3,5.0
PGM1,3,5.0
NTN1,3,5.0
BLACAT1,3,5.0
CCDC163,3,5.0
LINC02351,3,5.0
RN7SL166P,3,5.0
TMEM220-AS1,3,5.0
SCARNA9,3,5.0
UQCRBP3,3,5.0
CCDC137P2,3,5.0
RPS27P9,3,5.0
PCID2,3,5.0
ZWINT,3,5.0
SLC4A3,3,5.0
IFT57,3,5.0
RPL36AP33,3,5.0
LSM1P1,3,5.0
LINC00456,3,5.0
KIF26B-AS1,3,5.0
LINC01753,3,5.0
EPHA2-AS1,3,5.0
ERVMER34-1,3,5.0
DISC1-IT1,3,5.0
TPI1P4,3,5.0
ZNF726,3,5.0
AKR1B1P3,3,5.0
PRR22,3,5.0
RNF39,3,5.0
SNORD6,3,5.0
PAX9,3,5.0
UCKL1,3,5.0
OR10D1P,3,5.0
DEFB105A,3,5.0
LINC01547,3,5.0
PARL,3,5.0
WDR87,3,5.0
TSC1,3,5.0
HSPA4L,3,5.0
PPP4R2,3,5.0
L3MBTL4,3,5.0
RPL32P5,3,5.0
WAKMAR2,3,5.0
KCNH7-AS1,3,5.0
DPRXP5,3,5.0
NIT2,3,5.0
GALNTL5,3,5.0
HOXA3,3,5.0
SNX16,3,5.0
ZNF302,3,5.0
SULT2B1,3,5.0
RBMS2,3,5.0
ATXN3,3,5.0
IGHV1-69-2,3,5.0
ALOXE3P1,3,5.0
TBC1D3D,3,5.0
BNIP3P22,3,5.0
LINC02984,3,5.0
LINC02594,3,5.0
MIR4489,3,5.0
RN7SL531P,3,5.0
LINC02128,3,5.0
TOLLIP-DT,3,5.0
HNRNPA1P76,3,5.0
HNRNPCP8,3,5.0
RNU6-1045P,3,5.0
ZNF324B,3,5.0
SMIM31,3,5.0
RPL31P58,3,5.0
OR51Q1,3,5.0
SLC49A3,3,5.0
SBK1,3,5.0
XCL1,3,5.0
PRKG2,3,5.0
DTNB,3,5.0
KIAA0513,3,5.0
ARHGAP32,3,5.0
FBXW9,3,5.0
SPDEF,3,5.0
WFDC3,3,5.0
FYTTD1,3,5.0
GJA3,3,5.0
HOXB3,3,5.0
GNB4,3,5.0
UST,3,5.0
KLRB1,3,5.0
MS4A4A,3,5.0
KAZALD1,3,5.0
SLC1A5,3,5.0
MYEF2,3,5.0
BMF,3,5.0
RBM3,3,5.0
PAK5,3,5.0
RASSF7,3,5.0
COL9A3,3,5.0
FKBP1A,3,5.0
DDX18,3,5.0
MTMR2,3,5.0
MMEL1,3,5.0
STAC,3,5.0
DLGAP1,3,5.0
NXPE3,3,5.0
C2orf66,3,5.0
TMEM72,3,5.0
FPR3,3,5.0
IFNLR1,3,5.0
PXT1,3,5.0
FAM9B,3,5.0
FAM53A,3,5.0
TNFRSF10D,3,5.0
GLRX,3,5.0
GPR34,3,5.0
LRRC8D,3,5.0
HOPX,3,5.0
CSGALNACT2,3,5.0
BUB1,3,5.0
UBTD2,3,5.0
OR1F1,3,5.0
CASP7,3,5.0
TONSL,3,5.0
LRP8,3,5.0
ART3,3,5.0
CMIP,3,5.0
CCNO,3,5.0
NUBPL,3,5.0
CHST7,3,5.0
TCTE1,3,5.0
SNX10,3,5.0
RAP1GAP,3,5.0
FAR2,3,5.0
NOP16,3,5.0
PSME2P6,3,5.0
HRGP2,3,5.0
PRRT4,3,5.0
SBF1P2,3,5.0
SAMSN1-AS1,3,5.0
MDP1,3,5.0
SAR1AP2,3,5.0
MT-ND4L,3,5.0
LINC01257,3,5.0
SLC44A4,3,5.0
DDO,3,5.0
RNU4-1,3,5.0
RNA5SP305,3,5.0
MIRLET7G,3,5.0
WWP2,3,5.0
OR13G1,3,5.0
FUT11,3,5.0
H2BC26,3,5.0
NPIPB15,3,5.0
RINL,3,5.0
TREX2,3,5.0
MTURN,3,5.0
C12orf40,3,5.0
ZNF223,3,5.0
TENM3-AS1,3,5.0
LINC01850,3,5.0
SUMO2P21,3,5.0
ITGB1-DT,3,5.0
CRYZL2P-SEC16B,3,5.0
STAP1,3,5.0
NUP160,3,5.0
MSL3,3,5.0
GGTLC5P,3,5.0
H3P25,3,5.0
KLHDC7B-DT,3,5.0
IFITM3P6,3,5.0
LINC02955,3,5.0
OR8R1P,3,5.0
LINC02387,3,5.0
SLC25A1P1,3,5.0
KCNIP1-OT1,3,5.0
BDH2P1,3,5.0
IGHVII-49-1,3,5.0
SNORD79,3,5.0
PSME2P4,3,5.0
MAP9-AS1,3,5.0
ENPP7P10,3,5.0
DBNDD2,3,5.0
MTCO3P35,3,5.0
MYO1D-DT,3,5.0
FMR1-IT1,3,5.0
BTF3P6,3,5.0
SELENOTP1,3,5.0
UBALD1,3,5.0
DLG2,3,5.0
RAB15,3,5.0
LINC01493,3,5.0
LINC02847,3,5.0
RNU6-1092P,3,5.0
GAPDHP62,3,5.0
RN7SL280P,3,5.0
RN7SL12P,3,5.0
RPL34P1,3,5.0
UBE2L5,3,5.0
EEF1GP8,3,5.0
KATNBL1P2,3,5.0
LINC01189,3,5.0
LARGE-IT1,3,5.0
LINC01798,3,5.0
TCF7L1-IT1,3,5.0
SUMO1P2,3,5.0
LINC01204,3,5.0
RNU6-293P,3,5.0
RNU6-1190P,3,5.0
OR2A5,3,5.0
MIR548J,3,5.0
HNRNPH1P1,3,5.0
BMPR1AP1,3,5.0
PTMAP3,3,5.0
YWHAZP6,3,5.0
POLD2P1,3,5.0
RPL36P7,3,5.0
VENTXP6,3,5.0
RN7SL220P,3,5.0
SLC7A1,3,5.0
ADGRL1-AS1,3,5.0
TFDP1P2,3,5.0
ZBTB10,3,5.0
RNU6-810P,3,5.0
SLC22A25,3,5.0
REC114,3,5.0
FBXO34,3,5.0
RIMKLA,3,5.0
XKR3,3,5.0
COMMD7,3,5.0
ATP6V1C2,3,5.0
SCGB1D2,3,5.0
ELF1,3,5.0
HOXB1,3,5.0
PROX2,3,5.0
RNF19B,3,5.0
SCGB2A2,3,5.0
HSD3B7,3,5.0
CDV3,3,5.0
V1596,3,5.0
RAB21,3,5.0
MIR34BHG,3,5.0
LINC02906,3,5.0
MIR6730,3,5.0
RPL7AP45,3,5.0
UBE2L4,3,5.0
RNU1-78P,3,5.0
RNU6-1160P,3,5.0
TRIM27,3,5.0
RNU6-268P,3,5.0
PPP2R1B,3,5.0
APTX,3,5.0
GJA10,3,5.0
SERINC3,3,5.0
DDX27,3,5.0
CDK2,3,5.0
VPS26A,3,5.0
CRY2,3,5.0
UFM1,3,5.0
MRPL37,3,5.0
PAPOLG,3,5.0
KPNA1,3,5.0
ADTRP,3,5.0
PALS2,3,5.0
FOXF1,3,5.0
ARHGAP5,3,5.0
CATSPERG,3,5.0
FKBP5,3,5.0
SPAG7,3,5.0
THOC1,3,5.0
NOP58,3,5.0
TNIP3,3,5.0
UBA6,3,5.0
UBR2,3,5.0
ZDHHC6,3,5.0
TMBIM6,3,5.0
VPS33A,3,5.0
EIF4A3,3,5.0
IRF2,3,5.0
ZMYM1,3,5.0
VKORC1L1,3,5.0
SIAH1,3,5.0
TMEM120A,3,5.0
ENTPD5,3,5.0
SH2D7,3,5.0
JRKL,3,5.0
ZNF77,3,5.0
GCSAM,3,5.0
NABP1,3,5.0
LURAP1,3,5.0
SMG8,3,5.0
CDKAL1,3,5.0
PCBD1,3,5.0
PCF11,3,5.0
MTMR14,3,5.0
CWC22,3,5.0
SCUBE1,3,5.0
DEDD,3,5.0
WASF2,3,5.0
FCHO2,3,5.0
NGLY1,3,5.0
HTR7,3,5.0
TMEM209,3,5.0
SDAD1P3,3,5.0
NLGN1-AS1,3,5.0
ISCA1P2,3,5.0
RNU6-1279P,3,5.0
HSFX2,3,5.0
MIR3128,3,5.0
BDP1P,3,5.0
LINC02003,3,5.0
RSL1D1-DT,3,5.0
COQ7-DT,3,5.0
LINC02951,3,5.0
H3P33,3,5.0
WAC-AS1,3,5.0
SCARNA5,3,5.0
LMNB1-DT,3,5.0
ARL4AP2,3,5.0
CCDC188BP,3,5.0
LRP4-AS1,3,5.0
FTH1P23,3,5.0
ZNF709,3,5.0
RN7SL188P,3,5.0
RPL23AP64,3,5.0
AMY1A,3,5.0
HSP90AB7P,3,5.0
LINC00837,3,5.0
PEF1-AS1,3,5.0
PIGFP2,3,5.0
LINC01346,3,5.0
HDAC9-AS1,3,5.0
ZNF628-DT,3,5.0
SCML2P2,3,5.0
FRG1HP,3,5.0
SLC25A15,3,5.0
CEP350,3,5.0
BMAL1,3,5.0
VIL1,3,5.0
NUP153,3,5.0
ADGRB2,3,5.0
HSPH1,3,5.0
TECTB,3,5.0
WDR77,3,5.0
FRK,3,5.0
KRT23,3,5.0
MED25,3,5.0
EPB41L4B,3,5.0
GABPB1-IT1,3,5.0
PHACTR3,3,5.0
OPRK1,3,5.0
AMPH,3,5.0
ACSL4,3,5.0
SEZ6,3,5.0
UNKL,3,5.0
SLC4A7,3,5.0
RHBDF1,3,5.0
LGALS14,3,5.0
MAP3K9,3,5.0
PANO1,3,5.0
RNU6-1237P,3,5.0
CRTC1P1,3,5.0
HMGB3P9,3,5.0
OR2J3,3,5.0
RWDD3,3,5.0
UBN1,3,5.0
DNAJC16,3,5.0
UNC93B1,3,5.0
ALOX12,3,5.0
TBC1D12,3,5.0
NPM3,3,5.0
FBXO31,3,5.0
CRKL,3,5.0
RFFL,3,5.0
ANKRD44,3,5.0
CYBA,3,5.0
RAI14,3,5.0
DNASE1L1,3,5.0
CD300H,3,5.0
H4C4,3,5.0
TRBV12-3,3,5.0
AQP4-AS1,3,5.0
PCAT1,3,5.0
RNU7-115P,3,5.0
EIF4E2P2,3,5.0
SNORA84,3,5.0
KRT43P,3,5.0
UBE2Q2P10,3,5.0
EEF1A1P34,3,5.0
GDAP1L1,3,5.0
KLC1,3,5.0
SLC10A3,3,5.0
FBXL14,3,5.0
RNU4-9P,3,5.0
DCAF12L1,3,5.0
GK,3,5.0
RPS6KL1,3,5.0
MCMBP,3,5.0
ZNF624,3,5.0
FOXD2,3,5.0
CCR3,3,5.0
CHRNA9,3,5.0
CEBPB,3,5.0
ZNF554,3,5.0
RIOX1,3,5.0
YWHAH,3,5.0
TMEM41B,3,5.0
RPUSD2,3,5.0
GALNT14,3,5.0
PAN3,3,5.0
VENTX,3,5.0
TERF1,3,5.0
SLC26A1,3,5.0
RC3H1,3,5.0
ANKRD16,3,5.0
MORC2,3,5.0
NXT1,3,5.0
PLA2G2A,3,5.0
NUDT11,3,5.0
ASS1P9,3,5.0
TPH2,3,5.0
SFTPD,3,5.0
SMPDL3B,3,5.0
PRKCG,3,5.0
SIRT5,3,5.0
SLC41A3,3,5.0
KNG1,3,5.0
SKP1,3,5.0
WNT5B,3,5.0
FRG1,3,5.0
STK24,3,5.0
CDH7,3,5.0
SLC9A7,3,5.0
CC2D2A,3,5.0
TNFRSF12A,3,5.0
CX3CL1,3,5.0
FAM246C,3,5.0
IGHV7-4-1,3,5.0
FRG1KP,3,5.0
SNURF,3,5.0
SIGLEC29P,3,5.0
EDDM13,3,5.0
MIR4530,3,5.0
MBTPS1-DT,3,5.0
DUT-AS1,3,5.0
LINC01485,3,5.0
PAQR5,3,5.0
AMDHD1,3,5.0
LINC01763,3,5.0
VASH2,3,5.0
GCNT1P4,3,5.0
RPS4XP7,3,5.0
RAD51AP1P1,3,5.0
RARRES2P2,3,5.0
HMGB1P37,3,5.0
ANKRD39,3,5.0
RNU6-689P,3,5.0
MAP3K5,3,5.0
C6orf132,3,5.0
IRF7,3,5.0
TARS3,3,5.0
ZFP41,3,5.0
CD7,3,5.0
CD14,3,5.0
ANKK1,3,5.0
MT1E,3,5.0
MTNR1A,3,5.0
SGSM1,3,5.0
STAT6,3,5.0
IKBKE-AS1,3,5.0
CDA,3,5.0
C2CD6,3,5.0
CCDC148,3,5.0
NADK2,3,5.0
PLCB3,3,5.0
PINX1,3,5.0
LINC02384,3,5.0
SPOPLP1,3,5.0
SMIM15-AS1,3,5.0
OR2AJ1,3,5.0
PLEKHF2,3,5.0
OR2K2,3,5.0
GJB2,3,5.0
TBX20,3,5.0
DCK,3,5.0
PLPBP,3,5.0
HAUS2,3,5.0
TANK,3,5.0
SLC14A2,3,5.0
IL13RA1,3,5.0
NXNL2,3,5.0
BFSP1,3,5.0
TBX22,3,5.0
OBP2A,3,5.0
ONECUT2,3,5.0
PRKAB1,3,5.0
CREBL2,3,5.0
EIF5,3,5.0
KIF16B,3,5.0
SLC13A1,3,5.0
EDN1,3,5.0
ROGDI,3,5.0
SNAP91,3,5.0
ZNF112,3,5.0
ATOH7,3,5.0
CDNF,3,5.0
SOWAHB,3,5.0
PRB4,3,5.0
LINC02501,3,5.0
LINC01259,3,5.0
RN7SL37P,3,5.0
GM2AP1,3,5.0
RPL23AP10,3,5.0
RN7SL477P,3,5.0
RNU7-45P,3,5.0
POU5F1P4,3,5.0
SMG1P1,3,5.0
CD101-AS1,3,5.0
LINC01450,3,5.0
LINC01790,3,5.0
DPPA3,3,5.0
MTND1P9,3,5.0
NANOGP6,3,5.0
MTCO3P20,3,5.0
IL10RB-DT,3,5.0
TH2LCRR,3,5.0
IGHE,3,5.0
TRAJ6,3,5.0
RNU4-50P,3,5.0
CNOT7,3,5.0
LINC00319,3,5.0
CHM,3,5.0
LINC02601,3,5.0
SOCS5P4,3,5.0
CYRIA,3,5.0
CGB7,3,5.0
TDRD7,3,5.0
FOXR2,3,5.0
GPR15LG,3,5.0
LCN10,3,5.0
C11orf96,3,5.0
ZNF395,3,5.0
MINAR2,3,5.0
OLIG1,3,5.0
ABAT,3,5.0
GLRX5P1,3,5.0
CHST13,3,5.0
SSTR2,3,5.0
ZNF135,3,5.0
SUGCT,3,5.0
PNLIP,3,5.0
RIN1,3,5.0
TRHR,3,5.0
INSL5,3,5.0
SPACA5B,3,5.0
CATSPER2,3,5.0
RASEF,3,5.0
GBX1,3,5.0
NKX6-1,3,5.0
UBASH3A,3,5.0
ANKLE1,3,5.0
HRCT1,3,5.0
GK2,3,5.0
LINC01939,3,5.0
OR14A16,3,5.0
KRT8P6,3,5.0
KRT18P49,3,5.0
RPL7P29,3,5.0
GCC2-AS1,3,5.0
RPS3P6,3,5.0
RNU6-972P,3,5.0
SNORA53,3,5.0
RNU6-1177P,3,5.0
TRAV16,3,5.0
IGLV1-36,3,5.0
MIR656,3,5.0
MIR562,3,5.0
COLQ,3,5.0
SYT15,3,5.0
LINC01562,3,5.0
SNORD82,3,5.0
RNA5SP79,3,5.0
SNORD114-15,3,5.0
RNU6-670P,3,5.0
RNU6-226P,3,5.0
RNU6-536P,3,5.0
BRINP2,3,5.0
QRICH1,3,5.0
ZNF273,3,5.0
OR8B8,3,5.0
DRC7,3,5.0
RAET1L,3,5.0
ADGRF4,3,5.0
INCENP,3,5.0
RASL10B,3,5.0
MIR4297,3,5.0
INAFM1,3,5.0
EMSY-DT,3,5.0
CAPS2-AS1,3,5.0
MIR2116,3,5.0
SNORA74D,3,5.0
RPSAP70,3,5.0
RDH10-AS1,3,5.0
SH3TC2-DT,3,5.0
PRDX2P3,3,5.0
PFDN1P2,3,5.0
LINC02447,3,5.0
TPTEP2,3,5.0
RPS24P17,3,5.0
DENND6A-DT,3,5.0
RPL36AP44,3,5.0
RN7SL530P,3,5.0
EEF1A1P6,3,5.0
KAT7P1,3,5.0
LINC00865,3,5.0
KRTCAP2P1,3,5.0
GOLGA6L5P,3,5.0
FEZF1-AS1,3,5.0
RPL27AP8,3,5.0
LHX1,3,5.0
GTF2A1-AS1,3,5.0
FBXO42,3,5.0
SMAD9,3,5.0
TAF5,3,5.0
NLRP12,3,5.0
IRF8,3,5.0
SLCO5A1,3,5.0
TTPA,3,5.0
CIDEB,3,5.0
WBP2,3,5.0
ENAM,3,5.0
RTBDN,3,5.0
GATA5,3,5.0
GRM4,3,5.0
PINK1-AS,3,5.0
CYFIP2,3,5.0
PAPPA2,3,5.0
DLX2,3,5.0
MDGA1,3,5.0
CWH43,3,5.0
ELOCP28,3,5.0
MED26,3,5.0
RRN3P2,3,5.0
SALL1,3,5.0
METRN,3,5.0
TCF7,3,5.0
MGLL,3,5.0
CLK1,3,5.0
SLC7A14,3,5.0
HOXC-AS2,3,5.0
CSMD3,3,5.0
CXCL1,3,5.0
ABHD6,3,5.0
ADAMTS9,3,5.0
RGS12,3,5.0
APOA2,3,5.0
ZNF689,3,5.0
VEGFC,3,5.0
PCDH15,3,5.0
EGFR,3,5.0
CRIP3,3,5.0
CNGA3,3,5.0
HCN3,3,5.0
RANBP10,3,5.0
FOXN4,3,5.0
SINHCAF,3,5.0
ERP27,3,5.0
NEK1,3,5.0
ZNG1B,3,5.0
KIAA1614,3,5.0
CAPN9,3,5.0
NTS,3,5.0
RXFP2,3,5.0
HAPLN2,3,5.0
ATP1A4,3,5.0
LRP3,3,5.0
SYTL3,3,5.0
TMEM65,3,5.0
PGBD4P3,3,5.0
ENTR1,3,5.0
RN7SKP79,3,5.0
TBKBP1,3,5.0
SH2D5,3,5.0
CXCL17,3,5.0
NKAPL,3,5.0
ZPBP2,3,5.0
OR51M1,3,5.0
KCNJ12,3,5.0
PKD1P3,3,5.0
FREM3,3,5.0
RWDD4,3,5.0
UNC5C,3,5.0
TSHZ1,3,5.0
LINGO2,3,5.0
LIG4,3,5.0
HSPB7,3,5.0
MALT1,3,5.0
ZNF318,3,5.0
KRT78,3,5.0
DCLK2,3,5.0
MUC17,3,5.0
INSM2,3,5.0
GPD1,3,5.0
MS4A14,3,5.0
PRAP1,3,5.0
TAF4,3,5.0
SMO,3,5.0
CRYGN,3,5.0
TMEM74B,3,5.0
GPAT4-AS1,3,5.0
LINC02432,3,5.0
RN7SL638P,3,5.0
RN7SL385P,3,5.0
UBE2R2-AS1,3,5.0
SP2-AS1,3,5.0
AIMP1P1,3,5.0
PMS2P9,3,5.0
SRSF3P6,3,5.0
AMMECR1LP1,3,5.0
LINC00665,3,5.0
RPL36AP39,3,5.0
TEX48,3,5.0
RPS26P18,3,5.0
RPS8P4,3,5.0
NRBF2P2,3,5.0
CCT4P2,3,5.0
TMEM72-AS1,3,5.0
RNU4-30P,3,5.0
ZNF433-AS1,3,5.0
RPL27AP,3,5.0
PRCD,3,5.0
RNU6-125P,3,5.0
SH2D1B,3,5.0
S100A6,3,5.0
DDHD1-DT,3,5.0
LINC02301,3,5.0
POU2F2-AS2,3,5.0
ADNP2,3,5.0
BMP2,3,5.0
PAIP2B,3,5.0
LRRC39,3,5.0
B4GALT6,3,5.0
B4GALT2,3,5.0
RHOU,3,5.0
STC2,3,5.0
EPM2A,3,5.0
TBC1D30,3,5.0
CD81,3,5.0
AXIN1,3,5.0
PPP1R16B,3,5.0
CHORDC1P4,3,5.0
SLC52A3,3,5.0
REC8,3,5.0
RASD2,3,5.0
MISP,3,5.0
PTGS1,3,5.0
KCNK2,3,5.0
CSNK2A2,3,5.0
SDK2,3,5.0
NME1-NME2,3,5.0
ASB4,3,5.0
CCL4,3,5.0
RNU6-1205P,3,5.0
RNU6-288P,3,5.0
RNA5SP447,3,5.0
WDR45BP1,3,5.0
MFHAS1,3,5.0
MEPCE,3,5.0
MMP27,3,5.0
EGR4,3,5.0
CAPRIN1,3,5.0
TUBGCP6,3,5.0
VAT1,3,5.0
ERLIN1,3,5.0
PLD3,3,5.0
STAG2,3,5.0
SLCO4A1,3,5.0
L3MBTL2,3,5.0
SLC7A4,3,5.0
ZFAND6,3,5.0
BTN3A1,3,5.0
ST3GAL1,3,5.0
SALRNA2,3,5.0
ACACA,3,5.0
PCDHGB9P,3,5.0
H4C6,3,5.0
C8orf89,3,5.0
MIR6813,3,5.0
SNORA51,3,5.0
SMIM15P2,3,5.0
FENDRR,3,5.0
CDKN2B,3,5.0
ADAM8,3,5.0
SLC24A2,3,5.0
HLA-E,3,5.0
CASC8,3,5.0
TPMTP2,3,5.0
HDAC1P2,3,5.0
MFAP1P1,3,5.0
CKMT1A,3,5.0
EXOSC6,3,5.0
RNU2-38P,3,5.0
FAM200C,3,5.0
RNU6-767P,3,5.0
HLA-A,3,5.0
TRIM39,3,5.0
SCN8A,3,5.0
NCK1,3,5.0
ZNF775,3,5.0
DEXI,3,5.0
FLII,3,5.0
CLP1,3,5.0
ZNF57,3,5.0
SIN3A,3,5.0
ZBTB49,3,5.0
UBAP1,3,5.0
TP53INP1,3,5.0
PIGR,3,5.0
KLHL21,3,5.0
MIR4478,3,5.0
MIR4295,3,5.0
RNU6-682P,3,5.0
MIR4685,3,5.0
EVA1A-AS,3,5.0
PRELID3BP11,3,5.0
FAM136EP,3,5.0
LINC01381,3,5.0
LINC00595,3,5.0
PDC-AS1,3,5.0
LINC01718,3,5.0
ANKRD49P1,3,5.0
LINC01736,3,5.0
INO80D-AS1,3,5.0
BTF3P13,3,5.0
PSMA1P1,3,5.0
ARL5AP4,3,5.0
TPMTP4,3,5.0
RN7SKP240,3,5.0
RN7SKP267,3,5.0
RNU4-62P,3,5.0
KRT18P65,3,5.0
GCGR,3,5.0
UCA1,3,5.0
PFN1P11,3,5.0
TMEM191C,3,5.0
AGER,3,5.0
BMP2KL,3,5.0
PRDX6-AS1,3,5.0
ZBTB46-AS1,3,5.0
PPP1R11P2,3,5.0
PPP1R2B,3,5.0
AMY2A,3,5.0
SLC25A3P2,3,5.0
LBX2-AS1,3,5.0
LINC00508,3,5.0
LINC02745,3,5.0
RNA5SP243,3,5.0
LINC01340,3,5.0
CSRP2P2,3,5.0
C8orf34-AS1,3,5.0
POU5F2,3,5.0
RPS17P9,3,5.0
LY6E-DT,3,5.0
HMGN2P13,3,5.0
IQCA1-AS1,3,5.0
LINC02024,3,5.0
CDKN2B-AS1,3,5.0
RNA5SP351,3,5.0
NSA2P7,3,5.0
MPC1L,3,5.0
LINC01684,3,5.0
PPIAP36,3,5.0
RPL7AP53,3,5.0
RPL7AP16,3,5.0
LINC02599,3,5.0
CHTF8P1,3,5.0
SALRNA3,3,5.0
